INSERT IGNORE INTO USERS (user_id, pub_id, email, password, phone, user_status, user_role, kyc_status) VALUES
(43242432, 'HJGFJHFGSDASDGFSD', 'admin@exrates.me', '{bcrypt}$2a$10$ywda3/fTYHWR6E9e9KXUj.5tB3xFO1jdIBJs3BLpO6ORRSJZMg3v.', null, 'ACTIVATED', 'ADMINISTRATOR', 'success');

INSERT IGNORE INTO CURRENT_CURRENCY_RATES (currency_id, currency_name) VALUES
(202, 'ABBC'),
(90, 'ABTC'),
(134, 'ACT'),
(129, 'ADB'),
(187, 'ADK'),
(20, 'AED'),
(260, 'AISI'),
(85, 'AMN'),
(116, 'ANY'),
(195, 'APL'),
(96, 'ARK'),
(115, 'ARN'),
(25, 'ATB'),
(43, 'ATL'),
(201, 'AUNIT'),
(113, 'B2G'),
(35, 'B2X'),
(236, 'BAT'),
(104, 'BBX'),
(44, 'BCA'),
(36, 'BCD'),
(204, 'BCH'),
(26, 'BCH-old'),
(75, 'BCI'),
(132, 'BCL'),
(77, 'BCS'),
(42, 'BCX'),
(105, 'BEET'),
(84, 'BEZ'),
(151, 'BFG'),
(262, 'BIO'),
(45, 'BNB'),
(183, 'BNC'),
(55, 'BPTN'),
(154, 'BRB'),
(267, 'BRC'),
(133, 'BRECO'),
(205, 'BSV'),
(4, 'BTC'),
(57, 'BTCP'),
(53, 'BTCZ'),
(34, 'BTG'),
(249, 'BTT'),
(54, 'BTW'),
(74, 'BTX'),
(101, 'CAS'),
(203, 'CBC'),
(127, 'CEDEX'),
(111, 'CEEK'),
(130, 'CHE'),
(109, 'CLO'),
(174, 'CLX'),
(166, 'CMIT'),
(179, 'CMK'),
(126, 'CNET'),
(8, 'CNY'),
(73, 'COBC'),
(162, 'CRBT'),
(259, 'CREA'),
(268, 'CRON'),
(192, 'CRYP'),
(254, 'CSC'),
(217, 'CTX'),
(146, 'DACC'),
(271, 'DARC'),
(21, 'DASH'),
(181, 'DCR'),
(193, 'DDX'),
(69, 'DDX_old'),
(94, 'DGTX'),
(240, 'DIGIT'),
(62, 'DIM'),
(238, 'DIM.EUR'),
(239, 'DIM.USD'),
(212, 'DIME'),
(70, 'DIT'),
(248, 'DIVI'),
(28, 'DOGE'),
(93, 'DRONE'),
(108, 'DTRC'),
(68, 'ECHT'),
(216, 'ECTE'),
(9, 'EDC'),
(6, 'EDRC'),
(218, 'EDT'),
(253, 'ELC'),
(241, 'ELT'),
(159, 'eMTV'),
(114, 'ENGT'),
(31, 'EOS'),
(139, 'EQL'),
(264, 'ETA'),
(19, 'ETC'),
(14, 'ETH'),
(170, 'ETI'),
(50, 'ETZ'),
(3, 'EUR'),
(228, 'EXO'),
(117, 'FGC'),
(89, 'FLOT'),
(160, 'FPWR'),
(98, 'FSBT'),
(136, 'FTO'),
(38, 'GAS'),
(87, 'GET'),
(171, 'GEX'),
(180, 'GIGC'),
(33, 'GNT'),
(269, 'GNY'),
(123, 'GOL'),
(52, 'GOS'),
(229, 'GRS'),
(131, 'GST'),
(60, 'GX'),
(231, 'HCXP'),
(165, 'HDR'),
(163, 'HIVE'),
(107, 'HLC'),
(242, 'HNI'),
(234, 'HOT'),
(125, 'HSR'),
(119, 'HST'),
(219, 'HT'),
(71, 'IDH'),
(10, 'IDR'),
(61, 'INK'),
(81, 'INO'),
(12, 'INR'),
(27, 'IOTA'),
(100, 'IPR'),
(169, 'IQN'),
(173, 'IXE'),
(155, 'JET'),
(265, 'KAT'),
(197, 'KAZE'),
(153, 'KGS'),
(230, 'KOD'),
(158, 'KWATT'),
(76, 'LBTC'),
(59, 'LCC'),
(124, 'LEDU'),
(189, 'LPC'),
(29, 'LSK'),
(5, 'LTC'),
(128, 'LUNES'),
(227, 'MANA'),
(140, 'MASP'),
(194, 'MBC'),
(225, 'MCO'),
(245, 'MET'),
(177, 'MFTU'),
(213, 'MGX'),
(214, 'MNC'),
(210, 'MODL'),
(106, 'MTC'),
(122, 'MTL'),
(67, 'NAC'),
(64, 'NBC'),
(63, 'NBTK'),
(37, 'NEO'),
(176, 'NER'),
(13, 'NGN'),
(51, 'NIO'),
(270, 'NOVA'),
(233, 'NPXS'),
(92, 'NPXSXEM'),
(95, 'NSR'),
(150, 'NTY'),
(112, 'NYC'),
(48, 'OCC'),
(40, 'OMG'),
(82, 'ORME'),
(255, 'OWC'),
(157, 'PAT'),
(175, 'PHI'),
(66, 'PLC'),
(247, 'PLTC'),
(224, 'POA'),
(250, 'PPY'),
(83, 'PROFIT'),
(121, 'PTC'),
(207, 'Q'),
(232, 'QKC'),
(188, 'QRK'),
(56, 'QTUM'),
(147, 'QUiNT'),
(167, 'RAC'),
(256, 'RBC'),
(237, 'RDN'),
(257, 'REB'),
(244, 'REN'),
(32, 'REP'),
(178, 'RET'),
(220, 'RIME'),
(86, 'RISE'),
(156, 'RIZ'),
(49, 'RNTB'),
(99, 'RTH'),
(1, 'RUB'),
(261, 'RVC'),
(215, 'S4F'),
(138, 'SABR'),
(144, 'SAT'),
(47, 'SBTC'),
(172, 'SIC'),
(88, 'SIM'),
(143, 'SKILL'),
(79, 'SLT'),
(102, 'SPC'),
(103, 'SPD'),
(145, 'STOR'),
(198, 'STREAM'),
(152, 'SUMO'),
(182, 'SWM'),
(72, 'SZC'),
(120, 'TAVITT'),
(58, 'TAXI'),
(222, 'TCAT'),
(148, 'TERN'),
(118, 'TGAME'),
(11, 'THB'),
(184, 'TIC'),
(110, 'TNR'),
(190, 'TOA'),
(164, 'TRX'),
(18, 'TRY'),
(149, 'TTC'),
(199, 'TTP'),
(258, 'TTT'),
(161, 'TUSD'),
(7, 'UAH'),
(65, 'UCASH'),
(185, 'uDOO'),
(137, 'UMT'),
(209, 'UNC'),
(80, 'UQC'),
(2, 'USD'),
(200, 'USDC'),
(246, 'USDT'),
(208, 'VAI'),
(91, 'VDG'),
(135, 'VEX'),
(17, 'VND'),
(141, 'VNT'),
(266, 'VRA'),
(251, 'VRBS'),
(223, 'WaBi'),
(41, 'WAVES'),
(97, 'WDSC'),
(243, 'WOLF'),
(186, 'WTL'),
(196, 'XAU'),
(78, 'XBD'),
(24, 'XEM'),
(191, 'XFC'),
(23, 'XLM'),
(30, 'XMR'),
(22, 'XRP'),
(39, 'ZEC'),
(226, 'ZIL'),
(235, 'ZRX'),
(252, 'ZUBE'),
(273, 'VOLLAR'),
(272, 'TSL'),
(274, 'GAPI'),
(275, 'FST'),
(276, 'RVT'),
(277, 'RWDS'),
(278, 'LHT');

INSERT IGNORE INTO CURRENT_CURRENCY_BALANCES (currency_id, currency_name) VALUES
(202, 'ABBC'),
(90, 'ABTC'),
(134, 'ACT'),
(129, 'ADB'),
(187, 'ADK'),
(20, 'AED'),
(260, 'AISI'),
(85, 'AMN'),
(116, 'ANY'),
(195, 'APL'),
(96, 'ARK'),
(115, 'ARN'),
(25, 'ATB'),
(43, 'ATL'),
(201, 'AUNIT'),
(113, 'B2G'),
(35, 'B2X'),
(236, 'BAT'),
(104, 'BBX'),
(44, 'BCA'),
(36, 'BCD'),
(204, 'BCH'),
(26, 'BCH-old'),
(75, 'BCI'),
(132, 'BCL'),
(77, 'BCS'),
(42, 'BCX'),
(105, 'BEET'),
(84, 'BEZ'),
(151, 'BFG'),
(262, 'BIO'),
(45, 'BNB'),
(183, 'BNC'),
(55, 'BPTN'),
(154, 'BRB'),
(267, 'BRC'),
(133, 'BRECO'),
(205, 'BSV'),
(4, 'BTC'),
(57, 'BTCP'),
(53, 'BTCZ'),
(34, 'BTG'),
(249, 'BTT'),
(54, 'BTW'),
(74, 'BTX'),
(101, 'CAS'),
(203, 'CBC'),
(127, 'CEDEX'),
(111, 'CEEK'),
(130, 'CHE'),
(109, 'CLO'),
(174, 'CLX'),
(166, 'CMIT'),
(179, 'CMK'),
(126, 'CNET'),
(8, 'CNY'),
(73, 'COBC'),
(162, 'CRBT'),
(259, 'CREA'),
(268, 'CRON'),
(192, 'CRYP'),
(254, 'CSC'),
(217, 'CTX'),
(146, 'DACC'),
(271, 'DARC'),
(21, 'DASH'),
(181, 'DCR'),
(193, 'DDX'),
(69, 'DDX_old'),
(94, 'DGTX'),
(240, 'DIGIT'),
(62, 'DIM'),
(238, 'DIM.EUR'),
(239, 'DIM.USD'),
(212, 'DIME'),
(70, 'DIT'),
(248, 'DIVI'),
(28, 'DOGE'),
(93, 'DRONE'),
(108, 'DTRC'),
(68, 'ECHT'),
(216, 'ECTE'),
(9, 'EDC'),
(6, 'EDRC'),
(218, 'EDT'),
(253, 'ELC'),
(241, 'ELT'),
(159, 'eMTV'),
(114, 'ENGT'),
(31, 'EOS'),
(139, 'EQL'),
(264, 'ETA'),
(19, 'ETC'),
(14, 'ETH'),
(170, 'ETI'),
(50, 'ETZ'),
(3, 'EUR'),
(228, 'EXO'),
(117, 'FGC'),
(89, 'FLOT'),
(160, 'FPWR'),
(98, 'FSBT'),
(136, 'FTO'),
(38, 'GAS'),
(87, 'GET'),
(171, 'GEX'),
(180, 'GIGC'),
(33, 'GNT'),
(269, 'GNY'),
(123, 'GOL'),
(52, 'GOS'),
(229, 'GRS'),
(131, 'GST'),
(60, 'GX'),
(231, 'HCXP'),
(165, 'HDR'),
(163, 'HIVE'),
(107, 'HLC'),
(242, 'HNI'),
(234, 'HOT'),
(125, 'HSR'),
(119, 'HST'),
(219, 'HT'),
(71, 'IDH'),
(10, 'IDR'),
(61, 'INK'),
(81, 'INO'),
(12, 'INR'),
(27, 'IOTA'),
(100, 'IPR'),
(169, 'IQN'),
(173, 'IXE'),
(155, 'JET'),
(265, 'KAT'),
(197, 'KAZE'),
(153, 'KGS'),
(230, 'KOD'),
(158, 'KWATT'),
(76, 'LBTC'),
(59, 'LCC'),
(124, 'LEDU'),
(189, 'LPC'),
(29, 'LSK'),
(5, 'LTC'),
(128, 'LUNES'),
(227, 'MANA'),
(140, 'MASP'),
(194, 'MBC'),
(225, 'MCO'),
(245, 'MET'),
(177, 'MFTU'),
(213, 'MGX'),
(214, 'MNC'),
(210, 'MODL'),
(106, 'MTC'),
(122, 'MTL'),
(67, 'NAC'),
(64, 'NBC'),
(63, 'NBTK'),
(37, 'NEO'),
(176, 'NER'),
(13, 'NGN'),
(51, 'NIO'),
(270, 'NOVA'),
(233, 'NPXS'),
(92, 'NPXSXEM'),
(95, 'NSR'),
(150, 'NTY'),
(112, 'NYC'),
(48, 'OCC'),
(40, 'OMG'),
(82, 'ORME'),
(255, 'OWC'),
(157, 'PAT'),
(175, 'PHI'),
(66, 'PLC'),
(247, 'PLTC'),
(224, 'POA'),
(250, 'PPY'),
(83, 'PROFIT'),
(121, 'PTC'),
(207, 'Q'),
(232, 'QKC'),
(188, 'QRK'),
(56, 'QTUM'),
(147, 'QUiNT'),
(167, 'RAC'),
(256, 'RBC'),
(237, 'RDN'),
(257, 'REB'),
(244, 'REN'),
(32, 'REP'),
(178, 'RET'),
(220, 'RIME'),
(86, 'RISE'),
(156, 'RIZ'),
(49, 'RNTB'),
(99, 'RTH'),
(1, 'RUB'),
(261, 'RVC'),
(215, 'S4F'),
(138, 'SABR'),
(144, 'SAT'),
(47, 'SBTC'),
(172, 'SIC'),
(88, 'SIM'),
(143, 'SKILL'),
(79, 'SLT'),
(102, 'SPC'),
(103, 'SPD'),
(145, 'STOR'),
(198, 'STREAM'),
(152, 'SUMO'),
(182, 'SWM'),
(72, 'SZC'),
(120, 'TAVITT'),
(58, 'TAXI'),
(222, 'TCAT'),
(148, 'TERN'),
(118, 'TGAME'),
(11, 'THB'),
(184, 'TIC'),
(110, 'TNR'),
(190, 'TOA'),
(164, 'TRX'),
(18, 'TRY'),
(149, 'TTC'),
(199, 'TTP'),
(258, 'TTT'),
(161, 'TUSD'),
(7, 'UAH'),
(65, 'UCASH'),
(185, 'uDOO'),
(137, 'UMT'),
(209, 'UNC'),
(80, 'UQC'),
(2, 'USD'),
(200, 'USDC'),
(246, 'USDT'),
(208, 'VAI'),
(91, 'VDG'),
(135, 'VEX'),
(17, 'VND'),
(141, 'VNT'),
(266, 'VRA'),
(251, 'VRBS'),
(223, 'WaBi'),
(41, 'WAVES'),
(97, 'WDSC'),
(243, 'WOLF'),
(186, 'WTL'),
(196, 'XAU'),
(78, 'XBD'),
(24, 'XEM'),
(191, 'XFC'),
(23, 'XLM'),
(30, 'XMR'),
(22, 'XRP'),
(39, 'ZEC'),
(226, 'ZIL'),
(235, 'ZRX'),
(252, 'ZUBE'),
(273, 'VOLLAR'),
(272, 'TSL'),
(274, 'GAPI'),
(275, 'FST'),
(276, 'RVT'),
(277, 'RWDS'),
(278, 'LHT');

INSERT IGNORE INTO COMPANY_EXTERNAL_WALLET_BALANCES (currency_id, currency_name) VALUES
(202, 'ABBC'),
(90, 'ABTC'),
(134, 'ACT'),
(129, 'ADB'),
(187, 'ADK'),
(20, 'AED'),
(260, 'AISI'),
(85, 'AMN'),
(116, 'ANY'),
(195, 'APL'),
(96, 'ARK'),
(115, 'ARN'),
(25, 'ATB'),
(43, 'ATL'),
(201, 'AUNIT'),
(113, 'B2G'),
(35, 'B2X'),
(236, 'BAT'),
(104, 'BBX'),
(44, 'BCA'),
(36, 'BCD'),
(204, 'BCH'),
(26, 'BCH-old'),
(75, 'BCI'),
(132, 'BCL'),
(77, 'BCS'),
(42, 'BCX'),
(105, 'BEET'),
(84, 'BEZ'),
(151, 'BFG'),
(262, 'BIO'),
(45, 'BNB'),
(183, 'BNC'),
(55, 'BPTN'),
(154, 'BRB'),
(267, 'BRC'),
(133, 'BRECO'),
(205, 'BSV'),
(4, 'BTC'),
(57, 'BTCP'),
(53, 'BTCZ'),
(34, 'BTG'),
(249, 'BTT'),
(54, 'BTW'),
(74, 'BTX'),
(101, 'CAS'),
(203, 'CBC'),
(127, 'CEDEX'),
(111, 'CEEK'),
(130, 'CHE'),
(109, 'CLO'),
(174, 'CLX'),
(166, 'CMIT'),
(179, 'CMK'),
(126, 'CNET'),
(8, 'CNY'),
(73, 'COBC'),
(162, 'CRBT'),
(259, 'CREA'),
(268, 'CRON'),
(192, 'CRYP'),
(254, 'CSC'),
(217, 'CTX'),
(146, 'DACC'),
(271, 'DARC'),
(21, 'DASH'),
(181, 'DCR'),
(193, 'DDX'),
(69, 'DDX_old'),
(94, 'DGTX'),
(240, 'DIGIT'),
(62, 'DIM'),
(238, 'DIM.EUR'),
(239, 'DIM.USD'),
(212, 'DIME'),
(70, 'DIT'),
(248, 'DIVI'),
(28, 'DOGE'),
(93, 'DRONE'),
(108, 'DTRC'),
(68, 'ECHT'),
(216, 'ECTE'),
(9, 'EDC'),
(6, 'EDRC'),
(218, 'EDT'),
(253, 'ELC'),
(241, 'ELT'),
(159, 'eMTV'),
(114, 'ENGT'),
(31, 'EOS'),
(139, 'EQL'),
(264, 'ETA'),
(19, 'ETC'),
(14, 'ETH'),
(170, 'ETI'),
(50, 'ETZ'),
(3, 'EUR'),
(228, 'EXO'),
(117, 'FGC'),
(89, 'FLOT'),
(160, 'FPWR'),
(98, 'FSBT'),
(136, 'FTO'),
(38, 'GAS'),
(87, 'GET'),
(171, 'GEX'),
(180, 'GIGC'),
(33, 'GNT'),
(269, 'GNY'),
(123, 'GOL'),
(52, 'GOS'),
(229, 'GRS'),
(131, 'GST'),
(60, 'GX'),
(231, 'HCXP'),
(165, 'HDR'),
(163, 'HIVE'),
(107, 'HLC'),
(242, 'HNI'),
(234, 'HOT'),
(125, 'HSR'),
(119, 'HST'),
(219, 'HT'),
(71, 'IDH'),
(10, 'IDR'),
(61, 'INK'),
(81, 'INO'),
(12, 'INR'),
(27, 'IOTA'),
(100, 'IPR'),
(169, 'IQN'),
(173, 'IXE'),
(155, 'JET'),
(265, 'KAT'),
(197, 'KAZE'),
(153, 'KGS'),
(230, 'KOD'),
(158, 'KWATT'),
(76, 'LBTC'),
(59, 'LCC'),
(124, 'LEDU'),
(189, 'LPC'),
(29, 'LSK'),
(5, 'LTC'),
(128, 'LUNES'),
(227, 'MANA'),
(140, 'MASP'),
(194, 'MBC'),
(225, 'MCO'),
(245, 'MET'),
(177, 'MFTU'),
(213, 'MGX'),
(214, 'MNC'),
(210, 'MODL'),
(106, 'MTC'),
(122, 'MTL'),
(67, 'NAC'),
(64, 'NBC'),
(63, 'NBTK'),
(37, 'NEO'),
(176, 'NER'),
(13, 'NGN'),
(51, 'NIO'),
(270, 'NOVA'),
(233, 'NPXS'),
(92, 'NPXSXEM'),
(95, 'NSR'),
(150, 'NTY'),
(112, 'NYC'),
(48, 'OCC'),
(40, 'OMG'),
(82, 'ORME'),
(255, 'OWC'),
(157, 'PAT'),
(175, 'PHI'),
(66, 'PLC'),
(247, 'PLTC'),
(224, 'POA'),
(250, 'PPY'),
(83, 'PROFIT'),
(121, 'PTC'),
(207, 'Q'),
(232, 'QKC'),
(188, 'QRK'),
(56, 'QTUM'),
(147, 'QUiNT'),
(167, 'RAC'),
(256, 'RBC'),
(237, 'RDN'),
(257, 'REB'),
(244, 'REN'),
(32, 'REP'),
(178, 'RET'),
(220, 'RIME'),
(86, 'RISE'),
(156, 'RIZ'),
(49, 'RNTB'),
(99, 'RTH'),
(1, 'RUB'),
(261, 'RVC'),
(215, 'S4F'),
(138, 'SABR'),
(144, 'SAT'),
(47, 'SBTC'),
(172, 'SIC'),
(88, 'SIM'),
(143, 'SKILL'),
(79, 'SLT'),
(102, 'SPC'),
(103, 'SPD'),
(145, 'STOR'),
(198, 'STREAM'),
(152, 'SUMO'),
(182, 'SWM'),
(72, 'SZC'),
(120, 'TAVITT'),
(58, 'TAXI'),
(222, 'TCAT'),
(148, 'TERN'),
(118, 'TGAME'),
(11, 'THB'),
(184, 'TIC'),
(110, 'TNR'),
(190, 'TOA'),
(164, 'TRX'),
(18, 'TRY'),
(149, 'TTC'),
(199, 'TTP'),
(258, 'TTT'),
(161, 'TUSD'),
(7, 'UAH'),
(65, 'UCASH'),
(185, 'uDOO'),
(137, 'UMT'),
(209, 'UNC'),
(80, 'UQC'),
(2, 'USD'),
(200, 'USDC'),
(246, 'USDT'),
(208, 'VAI'),
(91, 'VDG'),
(135, 'VEX'),
(17, 'VND'),
(141, 'VNT'),
(266, 'VRA'),
(251, 'VRBS'),
(223, 'WaBi'),
(41, 'WAVES'),
(97, 'WDSC'),
(243, 'WOLF'),
(186, 'WTL'),
(196, 'XAU'),
(78, 'XBD'),
(24, 'XEM'),
(191, 'XFC'),
(23, 'XLM'),
(30, 'XMR'),
(22, 'XRP'),
(39, 'ZEC'),
(226, 'ZIL'),
(235, 'ZRX'),
(252, 'ZUBE'),
(273, 'VOLLAR'),
(272, 'TSL'),
(274, 'GAPI'),
(275, 'FST'),
(276, 'RVT'),
(277, 'RWDS'),
(278, 'LHT');

INSERT IGNORE INTO INTERNAL_WALLET_BALANCES (currency_id, currency_name, role_id, role_name) VALUES
(1,'RUB',1,'ADMINISTRATOR'),
(1,'RUB',2,'ACCOUNTANT'),
(1,'RUB',3,'ADMIN_USER'),
(1,'RUB',4,'USER'),
(1,'RUB',5,'ROLE_CHANGE_PASSWORD'),
(1,'RUB',6,'EXCHANGE'),
(1,'RUB',7,'VIP_USER'),
(1,'RUB',8,'TRADER'),
(1,'RUB',9,'FIN_OPERATOR'),
(1,'RUB',10,'BOT_TRADER'),
(1,'RUB',11,'ICO_MARKET_MAKER'),
(1,'RUB',12,'OUTER_MARKET_BOT'),
(2,'USD',1,'ADMINISTRATOR'),
(2,'USD',2,'ACCOUNTANT'),
(2,'USD',3,'ADMIN_USER'),
(2,'USD',4,'USER'),
(2,'USD',5,'ROLE_CHANGE_PASSWORD'),
(2,'USD',6,'EXCHANGE'),
(2,'USD',7,'VIP_USER'),
(2,'USD',8,'TRADER'),
(2,'USD',9,'FIN_OPERATOR'),
(2,'USD',10,'BOT_TRADER'),
(2,'USD',11,'ICO_MARKET_MAKER'),
(2,'USD',12,'OUTER_MARKET_BOT'),
(3,'EUR',1,'ADMINISTRATOR'),
(3,'EUR',2,'ACCOUNTANT'),
(3,'EUR',3,'ADMIN_USER'),
(3,'EUR',4,'USER'),
(3,'EUR',5,'ROLE_CHANGE_PASSWORD'),
(3,'EUR',6,'EXCHANGE'),
(3,'EUR',7,'VIP_USER'),
(3,'EUR',8,'TRADER'),
(3,'EUR',9,'FIN_OPERATOR'),
(3,'EUR',10,'BOT_TRADER'),
(3,'EUR',11,'ICO_MARKET_MAKER'),
(3,'EUR',12,'OUTER_MARKET_BOT'),
(4,'BTC',1,'ADMINISTRATOR'),
(4,'BTC',2,'ACCOUNTANT'),
(4,'BTC',3,'ADMIN_USER'),
(4,'BTC',4,'USER'),
(4,'BTC',5,'ROLE_CHANGE_PASSWORD'),
(4,'BTC',6,'EXCHANGE'),
(4,'BTC',7,'VIP_USER'),
(4,'BTC',8,'TRADER'),
(4,'BTC',9,'FIN_OPERATOR'),
(4,'BTC',10,'BOT_TRADER'),
(4,'BTC',11,'ICO_MARKET_MAKER'),
(4,'BTC',12,'OUTER_MARKET_BOT'),
(5,'LTC',1,'ADMINISTRATOR'),
(5,'LTC',2,'ACCOUNTANT'),
(5,'LTC',3,'ADMIN_USER'),
(5,'LTC',4,'USER'),
(5,'LTC',5,'ROLE_CHANGE_PASSWORD'),
(5,'LTC',6,'EXCHANGE'),
(5,'LTC',7,'VIP_USER'),
(5,'LTC',8,'TRADER'),
(5,'LTC',9,'FIN_OPERATOR'),
(5,'LTC',10,'BOT_TRADER'),
(5,'LTC',11,'ICO_MARKET_MAKER'),
(5,'LTC',12,'OUTER_MARKET_BOT'),
(6,'EDRC',1,'ADMINISTRATOR'),
(6,'EDRC',2,'ACCOUNTANT'),
(6,'EDRC',3,'ADMIN_USER'),
(6,'EDRC',4,'USER'),
(6,'EDRC',5,'ROLE_CHANGE_PASSWORD'),
(6,'EDRC',6,'EXCHANGE'),
(6,'EDRC',7,'VIP_USER'),
(6,'EDRC',8,'TRADER'),
(6,'EDRC',9,'FIN_OPERATOR'),
(6,'EDRC',10,'BOT_TRADER'),
(6,'EDRC',11,'ICO_MARKET_MAKER'),
(6,'EDRC',12,'OUTER_MARKET_BOT'),
(7,'UAH',1,'ADMINISTRATOR'),
(7,'UAH',2,'ACCOUNTANT'),
(7,'UAH',3,'ADMIN_USER'),
(7,'UAH',4,'USER'),
(7,'UAH',5,'ROLE_CHANGE_PASSWORD'),
(7,'UAH',6,'EXCHANGE'),
(7,'UAH',7,'VIP_USER'),
(7,'UAH',8,'TRADER'),
(7,'UAH',9,'FIN_OPERATOR'),
(7,'UAH',10,'BOT_TRADER'),
(7,'UAH',11,'ICO_MARKET_MAKER'),
(7,'UAH',12,'OUTER_MARKET_BOT'),
(8,'CNY',1,'ADMINISTRATOR'),
(8,'CNY',2,'ACCOUNTANT'),
(8,'CNY',3,'ADMIN_USER'),
(8,'CNY',4,'USER'),
(8,'CNY',5,'ROLE_CHANGE_PASSWORD'),
(8,'CNY',6,'EXCHANGE'),
(8,'CNY',7,'VIP_USER'),
(8,'CNY',8,'TRADER'),
(8,'CNY',9,'FIN_OPERATOR'),
(8,'CNY',10,'BOT_TRADER'),
(8,'CNY',11,'ICO_MARKET_MAKER'),
(8,'CNY',12,'OUTER_MARKET_BOT'),
(9,'EDC',1,'ADMINISTRATOR'),
(9,'EDC',2,'ACCOUNTANT'),
(9,'EDC',3,'ADMIN_USER'),
(9,'EDC',4,'USER'),
(9,'EDC',5,'ROLE_CHANGE_PASSWORD'),
(9,'EDC',6,'EXCHANGE'),
(9,'EDC',7,'VIP_USER'),
(9,'EDC',8,'TRADER'),
(9,'EDC',9,'FIN_OPERATOR'),
(9,'EDC',10,'BOT_TRADER'),
(9,'EDC',11,'ICO_MARKET_MAKER'),
(9,'EDC',12,'OUTER_MARKET_BOT'),
(10,'IDR',1,'ADMINISTRATOR'),
(10,'IDR',2,'ACCOUNTANT'),
(10,'IDR',3,'ADMIN_USER'),
(10,'IDR',4,'USER'),
(10,'IDR',5,'ROLE_CHANGE_PASSWORD'),
(10,'IDR',6,'EXCHANGE'),
(10,'IDR',7,'VIP_USER'),
(10,'IDR',8,'TRADER'),
(10,'IDR',9,'FIN_OPERATOR'),
(10,'IDR',10,'BOT_TRADER'),
(10,'IDR',11,'ICO_MARKET_MAKER'),
(10,'IDR',12,'OUTER_MARKET_BOT'),
(11,'THB',1,'ADMINISTRATOR'),
(11,'THB',2,'ACCOUNTANT'),
(11,'THB',3,'ADMIN_USER'),
(11,'THB',4,'USER'),
(11,'THB',5,'ROLE_CHANGE_PASSWORD'),
(11,'THB',6,'EXCHANGE'),
(11,'THB',7,'VIP_USER'),
(11,'THB',8,'TRADER'),
(11,'THB',9,'FIN_OPERATOR'),
(11,'THB',10,'BOT_TRADER'),
(11,'THB',11,'ICO_MARKET_MAKER'),
(11,'THB',12,'OUTER_MARKET_BOT'),
(12,'INR',1,'ADMINISTRATOR'),
(12,'INR',2,'ACCOUNTANT'),
(12,'INR',3,'ADMIN_USER'),
(12,'INR',4,'USER'),
(12,'INR',5,'ROLE_CHANGE_PASSWORD'),
(12,'INR',6,'EXCHANGE'),
(12,'INR',7,'VIP_USER'),
(12,'INR',8,'TRADER'),
(12,'INR',9,'FIN_OPERATOR'),
(12,'INR',10,'BOT_TRADER'),
(12,'INR',11,'ICO_MARKET_MAKER'),
(12,'INR',12,'OUTER_MARKET_BOT'),
(13,'NGN',1,'ADMINISTRATOR'),
(13,'NGN',2,'ACCOUNTANT'),
(13,'NGN',3,'ADMIN_USER'),
(13,'NGN',4,'USER'),
(13,'NGN',5,'ROLE_CHANGE_PASSWORD'),
(13,'NGN',6,'EXCHANGE'),
(13,'NGN',7,'VIP_USER'),
(13,'NGN',8,'TRADER'),
(13,'NGN',9,'FIN_OPERATOR'),
(13,'NGN',10,'BOT_TRADER'),
(13,'NGN',11,'ICO_MARKET_MAKER'),
(13,'NGN',12,'OUTER_MARKET_BOT'),
(14,'ETH',1,'ADMINISTRATOR'),
(14,'ETH',2,'ACCOUNTANT'),
(14,'ETH',3,'ADMIN_USER'),
(14,'ETH',4,'USER'),
(14,'ETH',5,'ROLE_CHANGE_PASSWORD'),
(14,'ETH',6,'EXCHANGE'),
(14,'ETH',7,'VIP_USER'),
(14,'ETH',8,'TRADER'),
(14,'ETH',9,'FIN_OPERATOR'),
(14,'ETH',10,'BOT_TRADER'),
(14,'ETH',11,'ICO_MARKET_MAKER'),
(14,'ETH',12,'OUTER_MARKET_BOT'),
(17,'VND',1,'ADMINISTRATOR'),
(17,'VND',2,'ACCOUNTANT'),
(17,'VND',3,'ADMIN_USER'),
(17,'VND',4,'USER'),
(17,'VND',5,'ROLE_CHANGE_PASSWORD'),
(17,'VND',6,'EXCHANGE'),
(17,'VND',7,'VIP_USER'),
(17,'VND',8,'TRADER'),
(17,'VND',9,'FIN_OPERATOR'),
(17,'VND',10,'BOT_TRADER'),
(17,'VND',11,'ICO_MARKET_MAKER'),
(17,'VND',12,'OUTER_MARKET_BOT'),
(18,'TRY',1,'ADMINISTRATOR'),
(18,'TRY',2,'ACCOUNTANT'),
(18,'TRY',3,'ADMIN_USER'),
(18,'TRY',4,'USER'),
(18,'TRY',5,'ROLE_CHANGE_PASSWORD'),
(18,'TRY',6,'EXCHANGE'),
(18,'TRY',7,'VIP_USER'),
(18,'TRY',8,'TRADER'),
(18,'TRY',9,'FIN_OPERATOR'),
(18,'TRY',10,'BOT_TRADER'),
(18,'TRY',11,'ICO_MARKET_MAKER'),
(18,'TRY',12,'OUTER_MARKET_BOT'),
(19,'ETC',1,'ADMINISTRATOR'),
(19,'ETC',2,'ACCOUNTANT'),
(19,'ETC',3,'ADMIN_USER'),
(19,'ETC',4,'USER'),
(19,'ETC',5,'ROLE_CHANGE_PASSWORD'),
(19,'ETC',6,'EXCHANGE'),
(19,'ETC',7,'VIP_USER'),
(19,'ETC',8,'TRADER'),
(19,'ETC',9,'FIN_OPERATOR'),
(19,'ETC',10,'BOT_TRADER'),
(19,'ETC',11,'ICO_MARKET_MAKER'),
(19,'ETC',12,'OUTER_MARKET_BOT'),
(20,'AED',1,'ADMINISTRATOR'),
(20,'AED',2,'ACCOUNTANT'),
(20,'AED',3,'ADMIN_USER'),
(20,'AED',4,'USER'),
(20,'AED',5,'ROLE_CHANGE_PASSWORD'),
(20,'AED',6,'EXCHANGE'),
(20,'AED',7,'VIP_USER'),
(20,'AED',8,'TRADER'),
(20,'AED',9,'FIN_OPERATOR'),
(20,'AED',10,'BOT_TRADER'),
(20,'AED',11,'ICO_MARKET_MAKER'),
(20,'AED',12,'OUTER_MARKET_BOT'),
(21,'DASH',1,'ADMINISTRATOR'),
(21,'DASH',2,'ACCOUNTANT'),
(21,'DASH',3,'ADMIN_USER'),
(21,'DASH',4,'USER'),
(21,'DASH',5,'ROLE_CHANGE_PASSWORD'),
(21,'DASH',6,'EXCHANGE'),
(21,'DASH',7,'VIP_USER'),
(21,'DASH',8,'TRADER'),
(21,'DASH',9,'FIN_OPERATOR'),
(21,'DASH',10,'BOT_TRADER'),
(21,'DASH',11,'ICO_MARKET_MAKER'),
(21,'DASH',12,'OUTER_MARKET_BOT'),
(22,'XRP',1,'ADMINISTRATOR'),
(22,'XRP',2,'ACCOUNTANT'),
(22,'XRP',3,'ADMIN_USER'),
(22,'XRP',4,'USER'),
(22,'XRP',5,'ROLE_CHANGE_PASSWORD'),
(22,'XRP',6,'EXCHANGE'),
(22,'XRP',7,'VIP_USER'),
(22,'XRP',8,'TRADER'),
(22,'XRP',9,'FIN_OPERATOR'),
(22,'XRP',10,'BOT_TRADER'),
(22,'XRP',11,'ICO_MARKET_MAKER'),
(22,'XRP',12,'OUTER_MARKET_BOT'),
(23,'XLM',1,'ADMINISTRATOR'),
(23,'XLM',2,'ACCOUNTANT'),
(23,'XLM',3,'ADMIN_USER'),
(23,'XLM',4,'USER'),
(23,'XLM',5,'ROLE_CHANGE_PASSWORD'),
(23,'XLM',6,'EXCHANGE'),
(23,'XLM',7,'VIP_USER'),
(23,'XLM',8,'TRADER'),
(23,'XLM',9,'FIN_OPERATOR'),
(23,'XLM',10,'BOT_TRADER'),
(23,'XLM',11,'ICO_MARKET_MAKER'),
(23,'XLM',12,'OUTER_MARKET_BOT'),
(24,'XEM',1,'ADMINISTRATOR'),
(24,'XEM',2,'ACCOUNTANT'),
(24,'XEM',3,'ADMIN_USER'),
(24,'XEM',4,'USER'),
(24,'XEM',5,'ROLE_CHANGE_PASSWORD'),
(24,'XEM',6,'EXCHANGE'),
(24,'XEM',7,'VIP_USER'),
(24,'XEM',8,'TRADER'),
(24,'XEM',9,'FIN_OPERATOR'),
(24,'XEM',10,'BOT_TRADER'),
(24,'XEM',11,'ICO_MARKET_MAKER'),
(24,'XEM',12,'OUTER_MARKET_BOT'),
(25,'ATB',1,'ADMINISTRATOR'),
(25,'ATB',2,'ACCOUNTANT'),
(25,'ATB',3,'ADMIN_USER'),
(25,'ATB',4,'USER'),
(25,'ATB',5,'ROLE_CHANGE_PASSWORD'),
(25,'ATB',6,'EXCHANGE'),
(25,'ATB',7,'VIP_USER'),
(25,'ATB',8,'TRADER'),
(25,'ATB',9,'FIN_OPERATOR'),
(25,'ATB',10,'BOT_TRADER'),
(25,'ATB',11,'ICO_MARKET_MAKER'),
(25,'ATB',12,'OUTER_MARKET_BOT'),
(26,'BCH-old',1,'ADMINISTRATOR'),
(26,'BCH-old',2,'ACCOUNTANT'),
(26,'BCH-old',3,'ADMIN_USER'),
(26,'BCH-old',4,'USER'),
(26,'BCH-old',5,'ROLE_CHANGE_PASSWORD'),
(26,'BCH-old',6,'EXCHANGE'),
(26,'BCH-old',7,'VIP_USER'),
(26,'BCH-old',8,'TRADER'),
(26,'BCH-old',9,'FIN_OPERATOR'),
(26,'BCH-old',10,'BOT_TRADER'),
(26,'BCH-old',11,'ICO_MARKET_MAKER'),
(26,'BCH-old',12,'OUTER_MARKET_BOT'),
(27,'IOTA',1,'ADMINISTRATOR'),
(27,'IOTA',2,'ACCOUNTANT'),
(27,'IOTA',3,'ADMIN_USER'),
(27,'IOTA',4,'USER'),
(27,'IOTA',5,'ROLE_CHANGE_PASSWORD'),
(27,'IOTA',6,'EXCHANGE'),
(27,'IOTA',7,'VIP_USER'),
(27,'IOTA',8,'TRADER'),
(27,'IOTA',9,'FIN_OPERATOR'),
(27,'IOTA',10,'BOT_TRADER'),
(27,'IOTA',11,'ICO_MARKET_MAKER'),
(27,'IOTA',12,'OUTER_MARKET_BOT'),
(28,'DOGE',1,'ADMINISTRATOR'),
(28,'DOGE',2,'ACCOUNTANT'),
(28,'DOGE',3,'ADMIN_USER'),
(28,'DOGE',4,'USER'),
(28,'DOGE',5,'ROLE_CHANGE_PASSWORD'),
(28,'DOGE',6,'EXCHANGE'),
(28,'DOGE',7,'VIP_USER'),
(28,'DOGE',8,'TRADER'),
(28,'DOGE',9,'FIN_OPERATOR'),
(28,'DOGE',10,'BOT_TRADER'),
(28,'DOGE',11,'ICO_MARKET_MAKER'),
(28,'DOGE',12,'OUTER_MARKET_BOT'),
(29,'LSK',1,'ADMINISTRATOR'),
(29,'LSK',2,'ACCOUNTANT'),
(29,'LSK',3,'ADMIN_USER'),
(29,'LSK',4,'USER'),
(29,'LSK',5,'ROLE_CHANGE_PASSWORD'),
(29,'LSK',6,'EXCHANGE'),
(29,'LSK',7,'VIP_USER'),
(29,'LSK',8,'TRADER'),
(29,'LSK',9,'FIN_OPERATOR'),
(29,'LSK',10,'BOT_TRADER'),
(29,'LSK',11,'ICO_MARKET_MAKER'),
(29,'LSK',12,'OUTER_MARKET_BOT'),
(30,'XMR',1,'ADMINISTRATOR'),
(30,'XMR',2,'ACCOUNTANT'),
(30,'XMR',3,'ADMIN_USER'),
(30,'XMR',4,'USER'),
(30,'XMR',5,'ROLE_CHANGE_PASSWORD'),
(30,'XMR',6,'EXCHANGE'),
(30,'XMR',7,'VIP_USER'),
(30,'XMR',8,'TRADER'),
(30,'XMR',9,'FIN_OPERATOR'),
(30,'XMR',10,'BOT_TRADER'),
(30,'XMR',11,'ICO_MARKET_MAKER'),
(30,'XMR',12,'OUTER_MARKET_BOT'),
(31,'EOS',1,'ADMINISTRATOR'),
(31,'EOS',2,'ACCOUNTANT'),
(31,'EOS',3,'ADMIN_USER'),
(31,'EOS',4,'USER'),
(31,'EOS',5,'ROLE_CHANGE_PASSWORD'),
(31,'EOS',6,'EXCHANGE'),
(31,'EOS',7,'VIP_USER'),
(31,'EOS',8,'TRADER'),
(31,'EOS',9,'FIN_OPERATOR'),
(31,'EOS',10,'BOT_TRADER'),
(31,'EOS',11,'ICO_MARKET_MAKER'),
(31,'EOS',12,'OUTER_MARKET_BOT'),
(32,'REP',1,'ADMINISTRATOR'),
(32,'REP',2,'ACCOUNTANT'),
(32,'REP',3,'ADMIN_USER'),
(32,'REP',4,'USER'),
(32,'REP',5,'ROLE_CHANGE_PASSWORD'),
(32,'REP',6,'EXCHANGE'),
(32,'REP',7,'VIP_USER'),
(32,'REP',8,'TRADER'),
(32,'REP',9,'FIN_OPERATOR'),
(32,'REP',10,'BOT_TRADER'),
(32,'REP',11,'ICO_MARKET_MAKER'),
(32,'REP',12,'OUTER_MARKET_BOT'),
(33,'GNT',1,'ADMINISTRATOR'),
(33,'GNT',2,'ACCOUNTANT'),
(33,'GNT',3,'ADMIN_USER'),
(33,'GNT',4,'USER'),
(33,'GNT',5,'ROLE_CHANGE_PASSWORD'),
(33,'GNT',6,'EXCHANGE'),
(33,'GNT',7,'VIP_USER'),
(33,'GNT',8,'TRADER'),
(33,'GNT',9,'FIN_OPERATOR'),
(33,'GNT',10,'BOT_TRADER'),
(33,'GNT',11,'ICO_MARKET_MAKER'),
(33,'GNT',12,'OUTER_MARKET_BOT'),
(34,'BTG',1,'ADMINISTRATOR'),
(34,'BTG',2,'ACCOUNTANT'),
(34,'BTG',3,'ADMIN_USER'),
(34,'BTG',4,'USER'),
(34,'BTG',5,'ROLE_CHANGE_PASSWORD'),
(34,'BTG',6,'EXCHANGE'),
(34,'BTG',7,'VIP_USER'),
(34,'BTG',8,'TRADER'),
(34,'BTG',9,'FIN_OPERATOR'),
(34,'BTG',10,'BOT_TRADER'),
(34,'BTG',11,'ICO_MARKET_MAKER'),
(34,'BTG',12,'OUTER_MARKET_BOT'),
(35,'B2X',1,'ADMINISTRATOR'),
(35,'B2X',2,'ACCOUNTANT'),
(35,'B2X',3,'ADMIN_USER'),
(35,'B2X',4,'USER'),
(35,'B2X',5,'ROLE_CHANGE_PASSWORD'),
(35,'B2X',6,'EXCHANGE'),
(35,'B2X',7,'VIP_USER'),
(35,'B2X',8,'TRADER'),
(35,'B2X',9,'FIN_OPERATOR'),
(35,'B2X',10,'BOT_TRADER'),
(35,'B2X',11,'ICO_MARKET_MAKER'),
(35,'B2X',12,'OUTER_MARKET_BOT'),
(36,'BCD',1,'ADMINISTRATOR'),
(36,'BCD',2,'ACCOUNTANT'),
(36,'BCD',3,'ADMIN_USER'),
(36,'BCD',4,'USER'),
(36,'BCD',5,'ROLE_CHANGE_PASSWORD'),
(36,'BCD',6,'EXCHANGE'),
(36,'BCD',7,'VIP_USER'),
(36,'BCD',8,'TRADER'),
(36,'BCD',9,'FIN_OPERATOR'),
(36,'BCD',10,'BOT_TRADER'),
(36,'BCD',11,'ICO_MARKET_MAKER'),
(36,'BCD',12,'OUTER_MARKET_BOT'),
(37,'NEO',1,'ADMINISTRATOR'),
(37,'NEO',2,'ACCOUNTANT'),
(37,'NEO',3,'ADMIN_USER'),
(37,'NEO',4,'USER'),
(37,'NEO',5,'ROLE_CHANGE_PASSWORD'),
(37,'NEO',6,'EXCHANGE'),
(37,'NEO',7,'VIP_USER'),
(37,'NEO',8,'TRADER'),
(37,'NEO',9,'FIN_OPERATOR'),
(37,'NEO',10,'BOT_TRADER'),
(37,'NEO',11,'ICO_MARKET_MAKER'),
(37,'NEO',12,'OUTER_MARKET_BOT'),
(38,'GAS',1,'ADMINISTRATOR'),
(38,'GAS',2,'ACCOUNTANT'),
(38,'GAS',3,'ADMIN_USER'),
(38,'GAS',4,'USER'),
(38,'GAS',5,'ROLE_CHANGE_PASSWORD'),
(38,'GAS',6,'EXCHANGE'),
(38,'GAS',7,'VIP_USER'),
(38,'GAS',8,'TRADER'),
(38,'GAS',9,'FIN_OPERATOR'),
(38,'GAS',10,'BOT_TRADER'),
(38,'GAS',11,'ICO_MARKET_MAKER'),
(38,'GAS',12,'OUTER_MARKET_BOT'),
(39,'ZEC',1,'ADMINISTRATOR'),
(39,'ZEC',2,'ACCOUNTANT'),
(39,'ZEC',3,'ADMIN_USER'),
(39,'ZEC',4,'USER'),
(39,'ZEC',5,'ROLE_CHANGE_PASSWORD'),
(39,'ZEC',6,'EXCHANGE'),
(39,'ZEC',7,'VIP_USER'),
(39,'ZEC',8,'TRADER'),
(39,'ZEC',9,'FIN_OPERATOR'),
(39,'ZEC',10,'BOT_TRADER'),
(39,'ZEC',11,'ICO_MARKET_MAKER'),
(39,'ZEC',12,'OUTER_MARKET_BOT'),
(40,'OMG',1,'ADMINISTRATOR'),
(40,'OMG',2,'ACCOUNTANT'),
(40,'OMG',3,'ADMIN_USER'),
(40,'OMG',4,'USER'),
(40,'OMG',5,'ROLE_CHANGE_PASSWORD'),
(40,'OMG',6,'EXCHANGE'),
(40,'OMG',7,'VIP_USER'),
(40,'OMG',8,'TRADER'),
(40,'OMG',9,'FIN_OPERATOR'),
(40,'OMG',10,'BOT_TRADER'),
(40,'OMG',11,'ICO_MARKET_MAKER'),
(40,'OMG',12,'OUTER_MARKET_BOT'),
(41,'WAVES',1,'ADMINISTRATOR'),
(41,'WAVES',2,'ACCOUNTANT'),
(41,'WAVES',3,'ADMIN_USER'),
(41,'WAVES',4,'USER'),
(41,'WAVES',5,'ROLE_CHANGE_PASSWORD'),
(41,'WAVES',6,'EXCHANGE'),
(41,'WAVES',7,'VIP_USER'),
(41,'WAVES',8,'TRADER'),
(41,'WAVES',9,'FIN_OPERATOR'),
(41,'WAVES',10,'BOT_TRADER'),
(41,'WAVES',11,'ICO_MARKET_MAKER'),
(41,'WAVES',12,'OUTER_MARKET_BOT'),
(42,'BCX',1,'ADMINISTRATOR'),
(42,'BCX',2,'ACCOUNTANT'),
(42,'BCX',3,'ADMIN_USER'),
(42,'BCX',4,'USER'),
(42,'BCX',5,'ROLE_CHANGE_PASSWORD'),
(42,'BCX',6,'EXCHANGE'),
(42,'BCX',7,'VIP_USER'),
(42,'BCX',8,'TRADER'),
(42,'BCX',9,'FIN_OPERATOR'),
(42,'BCX',10,'BOT_TRADER'),
(42,'BCX',11,'ICO_MARKET_MAKER'),
(42,'BCX',12,'OUTER_MARKET_BOT'),
(43,'ATL',1,'ADMINISTRATOR'),
(43,'ATL',2,'ACCOUNTANT'),
(43,'ATL',3,'ADMIN_USER'),
(43,'ATL',4,'USER'),
(43,'ATL',5,'ROLE_CHANGE_PASSWORD'),
(43,'ATL',6,'EXCHANGE'),
(43,'ATL',7,'VIP_USER'),
(43,'ATL',8,'TRADER'),
(43,'ATL',9,'FIN_OPERATOR'),
(43,'ATL',10,'BOT_TRADER'),
(43,'ATL',11,'ICO_MARKET_MAKER'),
(43,'ATL',12,'OUTER_MARKET_BOT'),
(44,'BCA',1,'ADMINISTRATOR'),
(44,'BCA',2,'ACCOUNTANT'),
(44,'BCA',3,'ADMIN_USER'),
(44,'BCA',4,'USER'),
(44,'BCA',5,'ROLE_CHANGE_PASSWORD'),
(44,'BCA',6,'EXCHANGE'),
(44,'BCA',7,'VIP_USER'),
(44,'BCA',8,'TRADER'),
(44,'BCA',9,'FIN_OPERATOR'),
(44,'BCA',10,'BOT_TRADER'),
(44,'BCA',11,'ICO_MARKET_MAKER'),
(44,'BCA',12,'OUTER_MARKET_BOT'),
(45,'BNB',1,'ADMINISTRATOR'),
(45,'BNB',2,'ACCOUNTANT'),
(45,'BNB',3,'ADMIN_USER'),
(45,'BNB',4,'USER'),
(45,'BNB',5,'ROLE_CHANGE_PASSWORD'),
(45,'BNB',6,'EXCHANGE'),
(45,'BNB',7,'VIP_USER'),
(45,'BNB',8,'TRADER'),
(45,'BNB',9,'FIN_OPERATOR'),
(45,'BNB',10,'BOT_TRADER'),
(45,'BNB',11,'ICO_MARKET_MAKER'),
(45,'BNB',12,'OUTER_MARKET_BOT'),
(47,'SBTC',1,'ADMINISTRATOR'),
(47,'SBTC',2,'ACCOUNTANT'),
(47,'SBTC',3,'ADMIN_USER'),
(47,'SBTC',4,'USER'),
(47,'SBTC',5,'ROLE_CHANGE_PASSWORD'),
(47,'SBTC',6,'EXCHANGE'),
(47,'SBTC',7,'VIP_USER'),
(47,'SBTC',8,'TRADER'),
(47,'SBTC',9,'FIN_OPERATOR'),
(47,'SBTC',10,'BOT_TRADER'),
(47,'SBTC',11,'ICO_MARKET_MAKER'),
(47,'SBTC',12,'OUTER_MARKET_BOT'),
(48,'OCC',1,'ADMINISTRATOR'),
(48,'OCC',2,'ACCOUNTANT'),
(48,'OCC',3,'ADMIN_USER'),
(48,'OCC',4,'USER'),
(48,'OCC',5,'ROLE_CHANGE_PASSWORD'),
(48,'OCC',6,'EXCHANGE'),
(48,'OCC',7,'VIP_USER'),
(48,'OCC',8,'TRADER'),
(48,'OCC',9,'FIN_OPERATOR'),
(48,'OCC',10,'BOT_TRADER'),
(48,'OCC',11,'ICO_MARKET_MAKER'),
(48,'OCC',12,'OUTER_MARKET_BOT'),
(49,'RNTB',1,'ADMINISTRATOR'),
(49,'RNTB',2,'ACCOUNTANT'),
(49,'RNTB',3,'ADMIN_USER'),
(49,'RNTB',4,'USER'),
(49,'RNTB',5,'ROLE_CHANGE_PASSWORD'),
(49,'RNTB',6,'EXCHANGE'),
(49,'RNTB',7,'VIP_USER'),
(49,'RNTB',8,'TRADER'),
(49,'RNTB',9,'FIN_OPERATOR'),
(49,'RNTB',10,'BOT_TRADER'),
(49,'RNTB',11,'ICO_MARKET_MAKER'),
(49,'RNTB',12,'OUTER_MARKET_BOT'),
(50,'ETZ',1,'ADMINISTRATOR'),
(50,'ETZ',2,'ACCOUNTANT'),
(50,'ETZ',3,'ADMIN_USER'),
(50,'ETZ',4,'USER'),
(50,'ETZ',5,'ROLE_CHANGE_PASSWORD'),
(50,'ETZ',6,'EXCHANGE'),
(50,'ETZ',7,'VIP_USER'),
(50,'ETZ',8,'TRADER'),
(50,'ETZ',9,'FIN_OPERATOR'),
(50,'ETZ',10,'BOT_TRADER'),
(50,'ETZ',11,'ICO_MARKET_MAKER'),
(50,'ETZ',12,'OUTER_MARKET_BOT'),
(51,'NIO',1,'ADMINISTRATOR'),
(51,'NIO',2,'ACCOUNTANT'),
(51,'NIO',3,'ADMIN_USER'),
(51,'NIO',4,'USER'),
(51,'NIO',5,'ROLE_CHANGE_PASSWORD'),
(51,'NIO',6,'EXCHANGE'),
(51,'NIO',7,'VIP_USER'),
(51,'NIO',8,'TRADER'),
(51,'NIO',9,'FIN_OPERATOR'),
(51,'NIO',10,'BOT_TRADER'),
(51,'NIO',11,'ICO_MARKET_MAKER'),
(51,'NIO',12,'OUTER_MARKET_BOT'),
(52,'GOS',1,'ADMINISTRATOR'),
(52,'GOS',2,'ACCOUNTANT'),
(52,'GOS',3,'ADMIN_USER'),
(52,'GOS',4,'USER'),
(52,'GOS',5,'ROLE_CHANGE_PASSWORD'),
(52,'GOS',6,'EXCHANGE'),
(52,'GOS',7,'VIP_USER'),
(52,'GOS',8,'TRADER'),
(52,'GOS',9,'FIN_OPERATOR'),
(52,'GOS',10,'BOT_TRADER'),
(52,'GOS',11,'ICO_MARKET_MAKER'),
(52,'GOS',12,'OUTER_MARKET_BOT'),
(53,'BTCZ',1,'ADMINISTRATOR'),
(53,'BTCZ',2,'ACCOUNTANT'),
(53,'BTCZ',3,'ADMIN_USER'),
(53,'BTCZ',4,'USER'),
(53,'BTCZ',5,'ROLE_CHANGE_PASSWORD'),
(53,'BTCZ',6,'EXCHANGE'),
(53,'BTCZ',7,'VIP_USER'),
(53,'BTCZ',8,'TRADER'),
(53,'BTCZ',9,'FIN_OPERATOR'),
(53,'BTCZ',10,'BOT_TRADER'),
(53,'BTCZ',11,'ICO_MARKET_MAKER'),
(53,'BTCZ',12,'OUTER_MARKET_BOT'),
(54,'BTW',1,'ADMINISTRATOR'),
(54,'BTW',2,'ACCOUNTANT'),
(54,'BTW',3,'ADMIN_USER'),
(54,'BTW',4,'USER'),
(54,'BTW',5,'ROLE_CHANGE_PASSWORD'),
(54,'BTW',6,'EXCHANGE'),
(54,'BTW',7,'VIP_USER'),
(54,'BTW',8,'TRADER'),
(54,'BTW',9,'FIN_OPERATOR'),
(54,'BTW',10,'BOT_TRADER'),
(54,'BTW',11,'ICO_MARKET_MAKER'),
(54,'BTW',12,'OUTER_MARKET_BOT'),
(55,'BPTN',1,'ADMINISTRATOR'),
(55,'BPTN',2,'ACCOUNTANT'),
(55,'BPTN',3,'ADMIN_USER'),
(55,'BPTN',4,'USER'),
(55,'BPTN',5,'ROLE_CHANGE_PASSWORD'),
(55,'BPTN',6,'EXCHANGE'),
(55,'BPTN',7,'VIP_USER'),
(55,'BPTN',8,'TRADER'),
(55,'BPTN',9,'FIN_OPERATOR'),
(55,'BPTN',10,'BOT_TRADER'),
(55,'BPTN',11,'ICO_MARKET_MAKER'),
(55,'BPTN',12,'OUTER_MARKET_BOT'),
(56,'QTUM',1,'ADMINISTRATOR'),
(56,'QTUM',2,'ACCOUNTANT'),
(56,'QTUM',3,'ADMIN_USER'),
(56,'QTUM',4,'USER'),
(56,'QTUM',5,'ROLE_CHANGE_PASSWORD'),
(56,'QTUM',6,'EXCHANGE'),
(56,'QTUM',7,'VIP_USER'),
(56,'QTUM',8,'TRADER'),
(56,'QTUM',9,'FIN_OPERATOR'),
(56,'QTUM',10,'BOT_TRADER'),
(56,'QTUM',11,'ICO_MARKET_MAKER'),
(56,'QTUM',12,'OUTER_MARKET_BOT'),
(57,'BTCP',1,'ADMINISTRATOR'),
(57,'BTCP',2,'ACCOUNTANT'),
(57,'BTCP',3,'ADMIN_USER'),
(57,'BTCP',4,'USER'),
(57,'BTCP',5,'ROLE_CHANGE_PASSWORD'),
(57,'BTCP',6,'EXCHANGE'),
(57,'BTCP',7,'VIP_USER'),
(57,'BTCP',8,'TRADER'),
(57,'BTCP',9,'FIN_OPERATOR'),
(57,'BTCP',10,'BOT_TRADER'),
(57,'BTCP',11,'ICO_MARKET_MAKER'),
(57,'BTCP',12,'OUTER_MARKET_BOT'),
(58,'TAXI',1,'ADMINISTRATOR'),
(58,'TAXI',2,'ACCOUNTANT'),
(58,'TAXI',3,'ADMIN_USER'),
(58,'TAXI',4,'USER'),
(58,'TAXI',5,'ROLE_CHANGE_PASSWORD'),
(58,'TAXI',6,'EXCHANGE'),
(58,'TAXI',7,'VIP_USER'),
(58,'TAXI',8,'TRADER'),
(58,'TAXI',9,'FIN_OPERATOR'),
(58,'TAXI',10,'BOT_TRADER'),
(58,'TAXI',11,'ICO_MARKET_MAKER'),
(58,'TAXI',12,'OUTER_MARKET_BOT'),
(59,'LCC',1,'ADMINISTRATOR'),
(59,'LCC',2,'ACCOUNTANT'),
(59,'LCC',3,'ADMIN_USER'),
(59,'LCC',4,'USER'),
(59,'LCC',5,'ROLE_CHANGE_PASSWORD'),
(59,'LCC',6,'EXCHANGE'),
(59,'LCC',7,'VIP_USER'),
(59,'LCC',8,'TRADER'),
(59,'LCC',9,'FIN_OPERATOR'),
(59,'LCC',10,'BOT_TRADER'),
(59,'LCC',11,'ICO_MARKET_MAKER'),
(59,'LCC',12,'OUTER_MARKET_BOT'),
(60,'GX',1,'ADMINISTRATOR'),
(60,'GX',2,'ACCOUNTANT'),
(60,'GX',3,'ADMIN_USER'),
(60,'GX',4,'USER'),
(60,'GX',5,'ROLE_CHANGE_PASSWORD'),
(60,'GX',6,'EXCHANGE'),
(60,'GX',7,'VIP_USER'),
(60,'GX',8,'TRADER'),
(60,'GX',9,'FIN_OPERATOR'),
(60,'GX',10,'BOT_TRADER'),
(60,'GX',11,'ICO_MARKET_MAKER'),
(60,'GX',12,'OUTER_MARKET_BOT'),
(61,'INK',1,'ADMINISTRATOR'),
(61,'INK',2,'ACCOUNTANT'),
(61,'INK',3,'ADMIN_USER'),
(61,'INK',4,'USER'),
(61,'INK',5,'ROLE_CHANGE_PASSWORD'),
(61,'INK',6,'EXCHANGE'),
(61,'INK',7,'VIP_USER'),
(61,'INK',8,'TRADER'),
(61,'INK',9,'FIN_OPERATOR'),
(61,'INK',10,'BOT_TRADER'),
(61,'INK',11,'ICO_MARKET_MAKER'),
(61,'INK',12,'OUTER_MARKET_BOT'),
(62,'DIM',1,'ADMINISTRATOR'),
(62,'DIM',2,'ACCOUNTANT'),
(62,'DIM',3,'ADMIN_USER'),
(62,'DIM',4,'USER'),
(62,'DIM',5,'ROLE_CHANGE_PASSWORD'),
(62,'DIM',6,'EXCHANGE'),
(62,'DIM',7,'VIP_USER'),
(62,'DIM',8,'TRADER'),
(62,'DIM',9,'FIN_OPERATOR'),
(62,'DIM',10,'BOT_TRADER'),
(62,'DIM',11,'ICO_MARKET_MAKER'),
(62,'DIM',12,'OUTER_MARKET_BOT'),
(63,'NBTK',1,'ADMINISTRATOR'),
(63,'NBTK',2,'ACCOUNTANT'),
(63,'NBTK',3,'ADMIN_USER'),
(63,'NBTK',4,'USER'),
(63,'NBTK',5,'ROLE_CHANGE_PASSWORD'),
(63,'NBTK',6,'EXCHANGE'),
(63,'NBTK',7,'VIP_USER'),
(63,'NBTK',8,'TRADER'),
(63,'NBTK',9,'FIN_OPERATOR'),
(63,'NBTK',10,'BOT_TRADER'),
(63,'NBTK',11,'ICO_MARKET_MAKER'),
(63,'NBTK',12,'OUTER_MARKET_BOT'),
(64,'NBC',1,'ADMINISTRATOR'),
(64,'NBC',2,'ACCOUNTANT'),
(64,'NBC',3,'ADMIN_USER'),
(64,'NBC',4,'USER'),
(64,'NBC',5,'ROLE_CHANGE_PASSWORD'),
(64,'NBC',6,'EXCHANGE'),
(64,'NBC',7,'VIP_USER'),
(64,'NBC',8,'TRADER'),
(64,'NBC',9,'FIN_OPERATOR'),
(64,'NBC',10,'BOT_TRADER'),
(64,'NBC',11,'ICO_MARKET_MAKER'),
(64,'NBC',12,'OUTER_MARKET_BOT'),
(65,'UCASH',1,'ADMINISTRATOR'),
(65,'UCASH',2,'ACCOUNTANT'),
(65,'UCASH',3,'ADMIN_USER'),
(65,'UCASH',4,'USER'),
(65,'UCASH',5,'ROLE_CHANGE_PASSWORD'),
(65,'UCASH',6,'EXCHANGE'),
(65,'UCASH',7,'VIP_USER'),
(65,'UCASH',8,'TRADER'),
(65,'UCASH',9,'FIN_OPERATOR'),
(65,'UCASH',10,'BOT_TRADER'),
(65,'UCASH',11,'ICO_MARKET_MAKER'),
(65,'UCASH',12,'OUTER_MARKET_BOT'),
(66,'PLC',1,'ADMINISTRATOR'),
(66,'PLC',2,'ACCOUNTANT'),
(66,'PLC',3,'ADMIN_USER'),
(66,'PLC',4,'USER'),
(66,'PLC',5,'ROLE_CHANGE_PASSWORD'),
(66,'PLC',6,'EXCHANGE'),
(66,'PLC',7,'VIP_USER'),
(66,'PLC',8,'TRADER'),
(66,'PLC',9,'FIN_OPERATOR'),
(66,'PLC',10,'BOT_TRADER'),
(66,'PLC',11,'ICO_MARKET_MAKER'),
(66,'PLC',12,'OUTER_MARKET_BOT'),
(67,'NAC',1,'ADMINISTRATOR'),
(67,'NAC',2,'ACCOUNTANT'),
(67,'NAC',3,'ADMIN_USER'),
(67,'NAC',4,'USER'),
(67,'NAC',5,'ROLE_CHANGE_PASSWORD'),
(67,'NAC',6,'EXCHANGE'),
(67,'NAC',7,'VIP_USER'),
(67,'NAC',8,'TRADER'),
(67,'NAC',9,'FIN_OPERATOR'),
(67,'NAC',10,'BOT_TRADER'),
(67,'NAC',11,'ICO_MARKET_MAKER'),
(67,'NAC',12,'OUTER_MARKET_BOT'),
(68,'ECHT',1,'ADMINISTRATOR'),
(68,'ECHT',2,'ACCOUNTANT'),
(68,'ECHT',3,'ADMIN_USER'),
(68,'ECHT',4,'USER'),
(68,'ECHT',5,'ROLE_CHANGE_PASSWORD'),
(68,'ECHT',6,'EXCHANGE'),
(68,'ECHT',7,'VIP_USER'),
(68,'ECHT',8,'TRADER'),
(68,'ECHT',9,'FIN_OPERATOR'),
(68,'ECHT',10,'BOT_TRADER'),
(68,'ECHT',11,'ICO_MARKET_MAKER'),
(68,'ECHT',12,'OUTER_MARKET_BOT'),
(69,'DDX_old',1,'ADMINISTRATOR'),
(69,'DDX_old',2,'ACCOUNTANT'),
(69,'DDX_old',3,'ADMIN_USER'),
(69,'DDX_old',4,'USER'),
(69,'DDX_old',5,'ROLE_CHANGE_PASSWORD'),
(69,'DDX_old',6,'EXCHANGE'),
(69,'DDX_old',7,'VIP_USER'),
(69,'DDX_old',8,'TRADER'),
(69,'DDX_old',9,'FIN_OPERATOR'),
(69,'DDX_old',10,'BOT_TRADER'),
(69,'DDX_old',11,'ICO_MARKET_MAKER'),
(69,'DDX_old',12,'OUTER_MARKET_BOT'),
(70,'DIT',1,'ADMINISTRATOR'),
(70,'DIT',2,'ACCOUNTANT'),
(70,'DIT',3,'ADMIN_USER'),
(70,'DIT',4,'USER'),
(70,'DIT',5,'ROLE_CHANGE_PASSWORD'),
(70,'DIT',6,'EXCHANGE'),
(70,'DIT',7,'VIP_USER'),
(70,'DIT',8,'TRADER'),
(70,'DIT',9,'FIN_OPERATOR'),
(70,'DIT',10,'BOT_TRADER'),
(70,'DIT',11,'ICO_MARKET_MAKER'),
(70,'DIT',12,'OUTER_MARKET_BOT'),
(71,'IDH',1,'ADMINISTRATOR'),
(71,'IDH',2,'ACCOUNTANT'),
(71,'IDH',3,'ADMIN_USER'),
(71,'IDH',4,'USER'),
(71,'IDH',5,'ROLE_CHANGE_PASSWORD'),
(71,'IDH',6,'EXCHANGE'),
(71,'IDH',7,'VIP_USER'),
(71,'IDH',8,'TRADER'),
(71,'IDH',9,'FIN_OPERATOR'),
(71,'IDH',10,'BOT_TRADER'),
(71,'IDH',11,'ICO_MARKET_MAKER'),
(71,'IDH',12,'OUTER_MARKET_BOT'),
(72,'SZC',1,'ADMINISTRATOR'),
(72,'SZC',2,'ACCOUNTANT'),
(72,'SZC',3,'ADMIN_USER'),
(72,'SZC',4,'USER'),
(72,'SZC',5,'ROLE_CHANGE_PASSWORD'),
(72,'SZC',6,'EXCHANGE'),
(72,'SZC',7,'VIP_USER'),
(72,'SZC',8,'TRADER'),
(72,'SZC',9,'FIN_OPERATOR'),
(72,'SZC',10,'BOT_TRADER'),
(72,'SZC',11,'ICO_MARKET_MAKER'),
(72,'SZC',12,'OUTER_MARKET_BOT'),
(73,'COBC',1,'ADMINISTRATOR'),
(73,'COBC',2,'ACCOUNTANT'),
(73,'COBC',3,'ADMIN_USER'),
(73,'COBC',4,'USER'),
(73,'COBC',5,'ROLE_CHANGE_PASSWORD'),
(73,'COBC',6,'EXCHANGE'),
(73,'COBC',7,'VIP_USER'),
(73,'COBC',8,'TRADER'),
(73,'COBC',9,'FIN_OPERATOR'),
(73,'COBC',10,'BOT_TRADER'),
(73,'COBC',11,'ICO_MARKET_MAKER'),
(73,'COBC',12,'OUTER_MARKET_BOT'),
(74,'BTX',1,'ADMINISTRATOR'),
(74,'BTX',2,'ACCOUNTANT'),
(74,'BTX',3,'ADMIN_USER'),
(74,'BTX',4,'USER'),
(74,'BTX',5,'ROLE_CHANGE_PASSWORD'),
(74,'BTX',6,'EXCHANGE'),
(74,'BTX',7,'VIP_USER'),
(74,'BTX',8,'TRADER'),
(74,'BTX',9,'FIN_OPERATOR'),
(74,'BTX',10,'BOT_TRADER'),
(74,'BTX',11,'ICO_MARKET_MAKER'),
(74,'BTX',12,'OUTER_MARKET_BOT'),
(75,'BCI',1,'ADMINISTRATOR'),
(75,'BCI',2,'ACCOUNTANT'),
(75,'BCI',3,'ADMIN_USER'),
(75,'BCI',4,'USER'),
(75,'BCI',5,'ROLE_CHANGE_PASSWORD'),
(75,'BCI',6,'EXCHANGE'),
(75,'BCI',7,'VIP_USER'),
(75,'BCI',8,'TRADER'),
(75,'BCI',9,'FIN_OPERATOR'),
(75,'BCI',10,'BOT_TRADER'),
(75,'BCI',11,'ICO_MARKET_MAKER'),
(75,'BCI',12,'OUTER_MARKET_BOT'),
(76,'LBTC',1,'ADMINISTRATOR'),
(76,'LBTC',2,'ACCOUNTANT'),
(76,'LBTC',3,'ADMIN_USER'),
(76,'LBTC',4,'USER'),
(76,'LBTC',5,'ROLE_CHANGE_PASSWORD'),
(76,'LBTC',6,'EXCHANGE'),
(76,'LBTC',7,'VIP_USER'),
(76,'LBTC',8,'TRADER'),
(76,'LBTC',9,'FIN_OPERATOR'),
(76,'LBTC',10,'BOT_TRADER'),
(76,'LBTC',11,'ICO_MARKET_MAKER'),
(76,'LBTC',12,'OUTER_MARKET_BOT'),
(77,'BCS',1,'ADMINISTRATOR'),
(77,'BCS',2,'ACCOUNTANT'),
(77,'BCS',3,'ADMIN_USER'),
(77,'BCS',4,'USER'),
(77,'BCS',5,'ROLE_CHANGE_PASSWORD'),
(77,'BCS',6,'EXCHANGE'),
(77,'BCS',7,'VIP_USER'),
(77,'BCS',8,'TRADER'),
(77,'BCS',9,'FIN_OPERATOR'),
(77,'BCS',10,'BOT_TRADER'),
(77,'BCS',11,'ICO_MARKET_MAKER'),
(77,'BCS',12,'OUTER_MARKET_BOT'),
(78,'XBD',1,'ADMINISTRATOR'),
(78,'XBD',2,'ACCOUNTANT'),
(78,'XBD',3,'ADMIN_USER'),
(78,'XBD',4,'USER'),
(78,'XBD',5,'ROLE_CHANGE_PASSWORD'),
(78,'XBD',6,'EXCHANGE'),
(78,'XBD',7,'VIP_USER'),
(78,'XBD',8,'TRADER'),
(78,'XBD',9,'FIN_OPERATOR'),
(78,'XBD',10,'BOT_TRADER'),
(78,'XBD',11,'ICO_MARKET_MAKER'),
(78,'XBD',12,'OUTER_MARKET_BOT'),
(79,'SLT',1,'ADMINISTRATOR'),
(79,'SLT',2,'ACCOUNTANT'),
(79,'SLT',3,'ADMIN_USER'),
(79,'SLT',4,'USER'),
(79,'SLT',5,'ROLE_CHANGE_PASSWORD'),
(79,'SLT',6,'EXCHANGE'),
(79,'SLT',7,'VIP_USER'),
(79,'SLT',8,'TRADER'),
(79,'SLT',9,'FIN_OPERATOR'),
(79,'SLT',10,'BOT_TRADER'),
(79,'SLT',11,'ICO_MARKET_MAKER'),
(79,'SLT',12,'OUTER_MARKET_BOT'),
(80,'UQC',1,'ADMINISTRATOR'),
(80,'UQC',2,'ACCOUNTANT'),
(80,'UQC',3,'ADMIN_USER'),
(80,'UQC',4,'USER'),
(80,'UQC',5,'ROLE_CHANGE_PASSWORD'),
(80,'UQC',6,'EXCHANGE'),
(80,'UQC',7,'VIP_USER'),
(80,'UQC',8,'TRADER'),
(80,'UQC',9,'FIN_OPERATOR'),
(80,'UQC',10,'BOT_TRADER'),
(80,'UQC',11,'ICO_MARKET_MAKER'),
(80,'UQC',12,'OUTER_MARKET_BOT'),
(81,'INO',1,'ADMINISTRATOR'),
(81,'INO',2,'ACCOUNTANT'),
(81,'INO',3,'ADMIN_USER'),
(81,'INO',4,'USER'),
(81,'INO',5,'ROLE_CHANGE_PASSWORD'),
(81,'INO',6,'EXCHANGE'),
(81,'INO',7,'VIP_USER'),
(81,'INO',8,'TRADER'),
(81,'INO',9,'FIN_OPERATOR'),
(81,'INO',10,'BOT_TRADER'),
(81,'INO',11,'ICO_MARKET_MAKER'),
(81,'INO',12,'OUTER_MARKET_BOT'),
(82,'ORME',1,'ADMINISTRATOR'),
(82,'ORME',2,'ACCOUNTANT'),
(82,'ORME',3,'ADMIN_USER'),
(82,'ORME',4,'USER'),
(82,'ORME',5,'ROLE_CHANGE_PASSWORD'),
(82,'ORME',6,'EXCHANGE'),
(82,'ORME',7,'VIP_USER'),
(82,'ORME',8,'TRADER'),
(82,'ORME',9,'FIN_OPERATOR'),
(82,'ORME',10,'BOT_TRADER'),
(82,'ORME',11,'ICO_MARKET_MAKER'),
(82,'ORME',12,'OUTER_MARKET_BOT'),
(83,'PROFIT',1,'ADMINISTRATOR'),
(83,'PROFIT',2,'ACCOUNTANT'),
(83,'PROFIT',3,'ADMIN_USER'),
(83,'PROFIT',4,'USER'),
(83,'PROFIT',5,'ROLE_CHANGE_PASSWORD'),
(83,'PROFIT',6,'EXCHANGE'),
(83,'PROFIT',7,'VIP_USER'),
(83,'PROFIT',8,'TRADER'),
(83,'PROFIT',9,'FIN_OPERATOR'),
(83,'PROFIT',10,'BOT_TRADER'),
(83,'PROFIT',11,'ICO_MARKET_MAKER'),
(83,'PROFIT',12,'OUTER_MARKET_BOT'),
(84,'BEZ',1,'ADMINISTRATOR'),
(84,'BEZ',2,'ACCOUNTANT'),
(84,'BEZ',3,'ADMIN_USER'),
(84,'BEZ',4,'USER'),
(84,'BEZ',5,'ROLE_CHANGE_PASSWORD'),
(84,'BEZ',6,'EXCHANGE'),
(84,'BEZ',7,'VIP_USER'),
(84,'BEZ',8,'TRADER'),
(84,'BEZ',9,'FIN_OPERATOR'),
(84,'BEZ',10,'BOT_TRADER'),
(84,'BEZ',11,'ICO_MARKET_MAKER'),
(84,'BEZ',12,'OUTER_MARKET_BOT'),
(85,'AMN',1,'ADMINISTRATOR'),
(85,'AMN',2,'ACCOUNTANT'),
(85,'AMN',3,'ADMIN_USER'),
(85,'AMN',4,'USER'),
(85,'AMN',5,'ROLE_CHANGE_PASSWORD'),
(85,'AMN',6,'EXCHANGE'),
(85,'AMN',7,'VIP_USER'),
(85,'AMN',8,'TRADER'),
(85,'AMN',9,'FIN_OPERATOR'),
(85,'AMN',10,'BOT_TRADER'),
(85,'AMN',11,'ICO_MARKET_MAKER'),
(85,'AMN',12,'OUTER_MARKET_BOT'),
(86,'RISE',1,'ADMINISTRATOR'),
(86,'RISE',2,'ACCOUNTANT'),
(86,'RISE',3,'ADMIN_USER'),
(86,'RISE',4,'USER'),
(86,'RISE',5,'ROLE_CHANGE_PASSWORD'),
(86,'RISE',6,'EXCHANGE'),
(86,'RISE',7,'VIP_USER'),
(86,'RISE',8,'TRADER'),
(86,'RISE',9,'FIN_OPERATOR'),
(86,'RISE',10,'BOT_TRADER'),
(86,'RISE',11,'ICO_MARKET_MAKER'),
(86,'RISE',12,'OUTER_MARKET_BOT'),
(87,'GET',1,'ADMINISTRATOR'),
(87,'GET',2,'ACCOUNTANT'),
(87,'GET',3,'ADMIN_USER'),
(87,'GET',4,'USER'),
(87,'GET',5,'ROLE_CHANGE_PASSWORD'),
(87,'GET',6,'EXCHANGE'),
(87,'GET',7,'VIP_USER'),
(87,'GET',8,'TRADER'),
(87,'GET',9,'FIN_OPERATOR'),
(87,'GET',10,'BOT_TRADER'),
(87,'GET',11,'ICO_MARKET_MAKER'),
(87,'GET',12,'OUTER_MARKET_BOT'),
(88,'SIM',1,'ADMINISTRATOR'),
(88,'SIM',2,'ACCOUNTANT'),
(88,'SIM',3,'ADMIN_USER'),
(88,'SIM',4,'USER'),
(88,'SIM',5,'ROLE_CHANGE_PASSWORD'),
(88,'SIM',6,'EXCHANGE'),
(88,'SIM',7,'VIP_USER'),
(88,'SIM',8,'TRADER'),
(88,'SIM',9,'FIN_OPERATOR'),
(88,'SIM',10,'BOT_TRADER'),
(88,'SIM',11,'ICO_MARKET_MAKER'),
(88,'SIM',12,'OUTER_MARKET_BOT'),
(89,'FLOT',1,'ADMINISTRATOR'),
(89,'FLOT',2,'ACCOUNTANT'),
(89,'FLOT',3,'ADMIN_USER'),
(89,'FLOT',4,'USER'),
(89,'FLOT',5,'ROLE_CHANGE_PASSWORD'),
(89,'FLOT',6,'EXCHANGE'),
(89,'FLOT',7,'VIP_USER'),
(89,'FLOT',8,'TRADER'),
(89,'FLOT',9,'FIN_OPERATOR'),
(89,'FLOT',10,'BOT_TRADER'),
(89,'FLOT',11,'ICO_MARKET_MAKER'),
(89,'FLOT',12,'OUTER_MARKET_BOT'),
(90,'ABTC',1,'ADMINISTRATOR'),
(90,'ABTC',2,'ACCOUNTANT'),
(90,'ABTC',3,'ADMIN_USER'),
(90,'ABTC',4,'USER'),
(90,'ABTC',5,'ROLE_CHANGE_PASSWORD'),
(90,'ABTC',6,'EXCHANGE'),
(90,'ABTC',7,'VIP_USER'),
(90,'ABTC',8,'TRADER'),
(90,'ABTC',9,'FIN_OPERATOR'),
(90,'ABTC',10,'BOT_TRADER'),
(90,'ABTC',11,'ICO_MARKET_MAKER'),
(90,'ABTC',12,'OUTER_MARKET_BOT'),
(91,'VDG',1,'ADMINISTRATOR'),
(91,'VDG',2,'ACCOUNTANT'),
(91,'VDG',3,'ADMIN_USER'),
(91,'VDG',4,'USER'),
(91,'VDG',5,'ROLE_CHANGE_PASSWORD'),
(91,'VDG',6,'EXCHANGE'),
(91,'VDG',7,'VIP_USER'),
(91,'VDG',8,'TRADER'),
(91,'VDG',9,'FIN_OPERATOR'),
(91,'VDG',10,'BOT_TRADER'),
(91,'VDG',11,'ICO_MARKET_MAKER'),
(91,'VDG',12,'OUTER_MARKET_BOT'),
(92,'NPXSXEM',1,'ADMINISTRATOR'),
(92,'NPXSXEM',2,'ACCOUNTANT'),
(92,'NPXSXEM',3,'ADMIN_USER'),
(92,'NPXSXEM',4,'USER'),
(92,'NPXSXEM',5,'ROLE_CHANGE_PASSWORD'),
(92,'NPXSXEM',6,'EXCHANGE'),
(92,'NPXSXEM',7,'VIP_USER'),
(92,'NPXSXEM',8,'TRADER'),
(92,'NPXSXEM',9,'FIN_OPERATOR'),
(92,'NPXSXEM',10,'BOT_TRADER'),
(92,'NPXSXEM',11,'ICO_MARKET_MAKER'),
(92,'NPXSXEM',12,'OUTER_MARKET_BOT'),
(93,'DRONE',1,'ADMINISTRATOR'),
(93,'DRONE',2,'ACCOUNTANT'),
(93,'DRONE',3,'ADMIN_USER'),
(93,'DRONE',4,'USER'),
(93,'DRONE',5,'ROLE_CHANGE_PASSWORD'),
(93,'DRONE',6,'EXCHANGE'),
(93,'DRONE',7,'VIP_USER'),
(93,'DRONE',8,'TRADER'),
(93,'DRONE',9,'FIN_OPERATOR'),
(93,'DRONE',10,'BOT_TRADER'),
(93,'DRONE',11,'ICO_MARKET_MAKER'),
(93,'DRONE',12,'OUTER_MARKET_BOT'),
(94,'DGTX',1,'ADMINISTRATOR'),
(94,'DGTX',2,'ACCOUNTANT'),
(94,'DGTX',3,'ADMIN_USER'),
(94,'DGTX',4,'USER'),
(94,'DGTX',5,'ROLE_CHANGE_PASSWORD'),
(94,'DGTX',6,'EXCHANGE'),
(94,'DGTX',7,'VIP_USER'),
(94,'DGTX',8,'TRADER'),
(94,'DGTX',9,'FIN_OPERATOR'),
(94,'DGTX',10,'BOT_TRADER'),
(94,'DGTX',11,'ICO_MARKET_MAKER'),
(94,'DGTX',12,'OUTER_MARKET_BOT'),
(95,'NSR',1,'ADMINISTRATOR'),
(95,'NSR',2,'ACCOUNTANT'),
(95,'NSR',3,'ADMIN_USER'),
(95,'NSR',4,'USER'),
(95,'NSR',5,'ROLE_CHANGE_PASSWORD'),
(95,'NSR',6,'EXCHANGE'),
(95,'NSR',7,'VIP_USER'),
(95,'NSR',8,'TRADER'),
(95,'NSR',9,'FIN_OPERATOR'),
(95,'NSR',10,'BOT_TRADER'),
(95,'NSR',11,'ICO_MARKET_MAKER'),
(95,'NSR',12,'OUTER_MARKET_BOT'),
(96,'ARK',1,'ADMINISTRATOR'),
(96,'ARK',2,'ACCOUNTANT'),
(96,'ARK',3,'ADMIN_USER'),
(96,'ARK',4,'USER'),
(96,'ARK',5,'ROLE_CHANGE_PASSWORD'),
(96,'ARK',6,'EXCHANGE'),
(96,'ARK',7,'VIP_USER'),
(96,'ARK',8,'TRADER'),
(96,'ARK',9,'FIN_OPERATOR'),
(96,'ARK',10,'BOT_TRADER'),
(96,'ARK',11,'ICO_MARKET_MAKER'),
(96,'ARK',12,'OUTER_MARKET_BOT'),
(97,'WDSC',1,'ADMINISTRATOR'),
(97,'WDSC',2,'ACCOUNTANT'),
(97,'WDSC',3,'ADMIN_USER'),
(97,'WDSC',4,'USER'),
(97,'WDSC',5,'ROLE_CHANGE_PASSWORD'),
(97,'WDSC',6,'EXCHANGE'),
(97,'WDSC',7,'VIP_USER'),
(97,'WDSC',8,'TRADER'),
(97,'WDSC',9,'FIN_OPERATOR'),
(97,'WDSC',10,'BOT_TRADER'),
(97,'WDSC',11,'ICO_MARKET_MAKER'),
(97,'WDSC',12,'OUTER_MARKET_BOT'),
(98,'FSBT',1,'ADMINISTRATOR'),
(98,'FSBT',2,'ACCOUNTANT'),
(98,'FSBT',3,'ADMIN_USER'),
(98,'FSBT',4,'USER'),
(98,'FSBT',5,'ROLE_CHANGE_PASSWORD'),
(98,'FSBT',6,'EXCHANGE'),
(98,'FSBT',7,'VIP_USER'),
(98,'FSBT',8,'TRADER'),
(98,'FSBT',9,'FIN_OPERATOR'),
(98,'FSBT',10,'BOT_TRADER'),
(98,'FSBT',11,'ICO_MARKET_MAKER'),
(98,'FSBT',12,'OUTER_MARKET_BOT'),
(99,'RTH',1,'ADMINISTRATOR'),
(99,'RTH',2,'ACCOUNTANT'),
(99,'RTH',3,'ADMIN_USER'),
(99,'RTH',4,'USER'),
(99,'RTH',5,'ROLE_CHANGE_PASSWORD'),
(99,'RTH',6,'EXCHANGE'),
(99,'RTH',7,'VIP_USER'),
(99,'RTH',8,'TRADER'),
(99,'RTH',9,'FIN_OPERATOR'),
(99,'RTH',10,'BOT_TRADER'),
(99,'RTH',11,'ICO_MARKET_MAKER'),
(99,'RTH',12,'OUTER_MARKET_BOT'),
(100,'IPR',1,'ADMINISTRATOR'),
(100,'IPR',2,'ACCOUNTANT'),
(100,'IPR',3,'ADMIN_USER'),
(100,'IPR',4,'USER'),
(100,'IPR',5,'ROLE_CHANGE_PASSWORD'),
(100,'IPR',6,'EXCHANGE'),
(100,'IPR',7,'VIP_USER'),
(100,'IPR',8,'TRADER'),
(100,'IPR',9,'FIN_OPERATOR'),
(100,'IPR',10,'BOT_TRADER'),
(100,'IPR',11,'ICO_MARKET_MAKER'),
(100,'IPR',12,'OUTER_MARKET_BOT'),
(101,'CAS',1,'ADMINISTRATOR'),
(101,'CAS',2,'ACCOUNTANT'),
(101,'CAS',3,'ADMIN_USER'),
(101,'CAS',4,'USER'),
(101,'CAS',5,'ROLE_CHANGE_PASSWORD'),
(101,'CAS',6,'EXCHANGE'),
(101,'CAS',7,'VIP_USER'),
(101,'CAS',8,'TRADER'),
(101,'CAS',9,'FIN_OPERATOR'),
(101,'CAS',10,'BOT_TRADER'),
(101,'CAS',11,'ICO_MARKET_MAKER'),
(101,'CAS',12,'OUTER_MARKET_BOT'),
(102,'SPC',1,'ADMINISTRATOR'),
(102,'SPC',2,'ACCOUNTANT'),
(102,'SPC',3,'ADMIN_USER'),
(102,'SPC',4,'USER'),
(102,'SPC',5,'ROLE_CHANGE_PASSWORD'),
(102,'SPC',6,'EXCHANGE'),
(102,'SPC',7,'VIP_USER'),
(102,'SPC',8,'TRADER'),
(102,'SPC',9,'FIN_OPERATOR'),
(102,'SPC',10,'BOT_TRADER'),
(102,'SPC',11,'ICO_MARKET_MAKER'),
(102,'SPC',12,'OUTER_MARKET_BOT'),
(103,'SPD',1,'ADMINISTRATOR'),
(103,'SPD',2,'ACCOUNTANT'),
(103,'SPD',3,'ADMIN_USER'),
(103,'SPD',4,'USER'),
(103,'SPD',5,'ROLE_CHANGE_PASSWORD'),
(103,'SPD',6,'EXCHANGE'),
(103,'SPD',7,'VIP_USER'),
(103,'SPD',8,'TRADER'),
(103,'SPD',9,'FIN_OPERATOR'),
(103,'SPD',10,'BOT_TRADER'),
(103,'SPD',11,'ICO_MARKET_MAKER'),
(103,'SPD',12,'OUTER_MARKET_BOT'),
(104,'BBX',1,'ADMINISTRATOR'),
(104,'BBX',2,'ACCOUNTANT'),
(104,'BBX',3,'ADMIN_USER'),
(104,'BBX',4,'USER'),
(104,'BBX',5,'ROLE_CHANGE_PASSWORD'),
(104,'BBX',6,'EXCHANGE'),
(104,'BBX',7,'VIP_USER'),
(104,'BBX',8,'TRADER'),
(104,'BBX',9,'FIN_OPERATOR'),
(104,'BBX',10,'BOT_TRADER'),
(104,'BBX',11,'ICO_MARKET_MAKER'),
(104,'BBX',12,'OUTER_MARKET_BOT'),
(105,'BEET',1,'ADMINISTRATOR'),
(105,'BEET',2,'ACCOUNTANT'),
(105,'BEET',3,'ADMIN_USER'),
(105,'BEET',4,'USER'),
(105,'BEET',5,'ROLE_CHANGE_PASSWORD'),
(105,'BEET',6,'EXCHANGE'),
(105,'BEET',7,'VIP_USER'),
(105,'BEET',8,'TRADER'),
(105,'BEET',9,'FIN_OPERATOR'),
(105,'BEET',10,'BOT_TRADER'),
(105,'BEET',11,'ICO_MARKET_MAKER'),
(105,'BEET',12,'OUTER_MARKET_BOT'),
(106,'MTC',1,'ADMINISTRATOR'),
(106,'MTC',2,'ACCOUNTANT'),
(106,'MTC',3,'ADMIN_USER'),
(106,'MTC',4,'USER'),
(106,'MTC',5,'ROLE_CHANGE_PASSWORD'),
(106,'MTC',6,'EXCHANGE'),
(106,'MTC',7,'VIP_USER'),
(106,'MTC',8,'TRADER'),
(106,'MTC',9,'FIN_OPERATOR'),
(106,'MTC',10,'BOT_TRADER'),
(106,'MTC',11,'ICO_MARKET_MAKER'),
(106,'MTC',12,'OUTER_MARKET_BOT'),
(107,'HLC',1,'ADMINISTRATOR'),
(107,'HLC',2,'ACCOUNTANT'),
(107,'HLC',3,'ADMIN_USER'),
(107,'HLC',4,'USER'),
(107,'HLC',5,'ROLE_CHANGE_PASSWORD'),
(107,'HLC',6,'EXCHANGE'),
(107,'HLC',7,'VIP_USER'),
(107,'HLC',8,'TRADER'),
(107,'HLC',9,'FIN_OPERATOR'),
(107,'HLC',10,'BOT_TRADER'),
(107,'HLC',11,'ICO_MARKET_MAKER'),
(107,'HLC',12,'OUTER_MARKET_BOT'),
(108,'DTRC',1,'ADMINISTRATOR'),
(108,'DTRC',2,'ACCOUNTANT'),
(108,'DTRC',3,'ADMIN_USER'),
(108,'DTRC',4,'USER'),
(108,'DTRC',5,'ROLE_CHANGE_PASSWORD'),
(108,'DTRC',6,'EXCHANGE'),
(108,'DTRC',7,'VIP_USER'),
(108,'DTRC',8,'TRADER'),
(108,'DTRC',9,'FIN_OPERATOR'),
(108,'DTRC',10,'BOT_TRADER'),
(108,'DTRC',11,'ICO_MARKET_MAKER'),
(108,'DTRC',12,'OUTER_MARKET_BOT'),
(109,'CLO',1,'ADMINISTRATOR'),
(109,'CLO',2,'ACCOUNTANT'),
(109,'CLO',3,'ADMIN_USER'),
(109,'CLO',4,'USER'),
(109,'CLO',5,'ROLE_CHANGE_PASSWORD'),
(109,'CLO',6,'EXCHANGE'),
(109,'CLO',7,'VIP_USER'),
(109,'CLO',8,'TRADER'),
(109,'CLO',9,'FIN_OPERATOR'),
(109,'CLO',10,'BOT_TRADER'),
(109,'CLO',11,'ICO_MARKET_MAKER'),
(109,'CLO',12,'OUTER_MARKET_BOT'),
(110,'TNR',1,'ADMINISTRATOR'),
(110,'TNR',2,'ACCOUNTANT'),
(110,'TNR',3,'ADMIN_USER'),
(110,'TNR',4,'USER'),
(110,'TNR',5,'ROLE_CHANGE_PASSWORD'),
(110,'TNR',6,'EXCHANGE'),
(110,'TNR',7,'VIP_USER'),
(110,'TNR',8,'TRADER'),
(110,'TNR',9,'FIN_OPERATOR'),
(110,'TNR',10,'BOT_TRADER'),
(110,'TNR',11,'ICO_MARKET_MAKER'),
(110,'TNR',12,'OUTER_MARKET_BOT'),
(111,'CEEK',1,'ADMINISTRATOR'),
(111,'CEEK',2,'ACCOUNTANT'),
(111,'CEEK',3,'ADMIN_USER'),
(111,'CEEK',4,'USER'),
(111,'CEEK',5,'ROLE_CHANGE_PASSWORD'),
(111,'CEEK',6,'EXCHANGE'),
(111,'CEEK',7,'VIP_USER'),
(111,'CEEK',8,'TRADER'),
(111,'CEEK',9,'FIN_OPERATOR'),
(111,'CEEK',10,'BOT_TRADER'),
(111,'CEEK',11,'ICO_MARKET_MAKER'),
(111,'CEEK',12,'OUTER_MARKET_BOT'),
(112,'NYC',1,'ADMINISTRATOR'),
(112,'NYC',2,'ACCOUNTANT'),
(112,'NYC',3,'ADMIN_USER'),
(112,'NYC',4,'USER'),
(112,'NYC',5,'ROLE_CHANGE_PASSWORD'),
(112,'NYC',6,'EXCHANGE'),
(112,'NYC',7,'VIP_USER'),
(112,'NYC',8,'TRADER'),
(112,'NYC',9,'FIN_OPERATOR'),
(112,'NYC',10,'BOT_TRADER'),
(112,'NYC',11,'ICO_MARKET_MAKER'),
(112,'NYC',12,'OUTER_MARKET_BOT'),
(113,'B2G',1,'ADMINISTRATOR'),
(113,'B2G',2,'ACCOUNTANT'),
(113,'B2G',3,'ADMIN_USER'),
(113,'B2G',4,'USER'),
(113,'B2G',5,'ROLE_CHANGE_PASSWORD'),
(113,'B2G',6,'EXCHANGE'),
(113,'B2G',7,'VIP_USER'),
(113,'B2G',8,'TRADER'),
(113,'B2G',9,'FIN_OPERATOR'),
(113,'B2G',10,'BOT_TRADER'),
(113,'B2G',11,'ICO_MARKET_MAKER'),
(113,'B2G',12,'OUTER_MARKET_BOT'),
(114,'ENGT',1,'ADMINISTRATOR'),
(114,'ENGT',2,'ACCOUNTANT'),
(114,'ENGT',3,'ADMIN_USER'),
(114,'ENGT',4,'USER'),
(114,'ENGT',5,'ROLE_CHANGE_PASSWORD'),
(114,'ENGT',6,'EXCHANGE'),
(114,'ENGT',7,'VIP_USER'),
(114,'ENGT',8,'TRADER'),
(114,'ENGT',9,'FIN_OPERATOR'),
(114,'ENGT',10,'BOT_TRADER'),
(114,'ENGT',11,'ICO_MARKET_MAKER'),
(114,'ENGT',12,'OUTER_MARKET_BOT'),
(115,'ARN',1,'ADMINISTRATOR'),
(115,'ARN',2,'ACCOUNTANT'),
(115,'ARN',3,'ADMIN_USER'),
(115,'ARN',4,'USER'),
(115,'ARN',5,'ROLE_CHANGE_PASSWORD'),
(115,'ARN',6,'EXCHANGE'),
(115,'ARN',7,'VIP_USER'),
(115,'ARN',8,'TRADER'),
(115,'ARN',9,'FIN_OPERATOR'),
(115,'ARN',10,'BOT_TRADER'),
(115,'ARN',11,'ICO_MARKET_MAKER'),
(115,'ARN',12,'OUTER_MARKET_BOT'),
(116,'ANY',1,'ADMINISTRATOR'),
(116,'ANY',2,'ACCOUNTANT'),
(116,'ANY',3,'ADMIN_USER'),
(116,'ANY',4,'USER'),
(116,'ANY',5,'ROLE_CHANGE_PASSWORD'),
(116,'ANY',6,'EXCHANGE'),
(116,'ANY',7,'VIP_USER'),
(116,'ANY',8,'TRADER'),
(116,'ANY',9,'FIN_OPERATOR'),
(116,'ANY',10,'BOT_TRADER'),
(116,'ANY',11,'ICO_MARKET_MAKER'),
(116,'ANY',12,'OUTER_MARKET_BOT'),
(117,'FGC',1,'ADMINISTRATOR'),
(117,'FGC',2,'ACCOUNTANT'),
(117,'FGC',3,'ADMIN_USER'),
(117,'FGC',4,'USER'),
(117,'FGC',5,'ROLE_CHANGE_PASSWORD'),
(117,'FGC',6,'EXCHANGE'),
(117,'FGC',7,'VIP_USER'),
(117,'FGC',8,'TRADER'),
(117,'FGC',9,'FIN_OPERATOR'),
(117,'FGC',10,'BOT_TRADER'),
(117,'FGC',11,'ICO_MARKET_MAKER'),
(117,'FGC',12,'OUTER_MARKET_BOT'),
(118,'TGAME',1,'ADMINISTRATOR'),
(118,'TGAME',2,'ACCOUNTANT'),
(118,'TGAME',3,'ADMIN_USER'),
(118,'TGAME',4,'USER'),
(118,'TGAME',5,'ROLE_CHANGE_PASSWORD'),
(118,'TGAME',6,'EXCHANGE'),
(118,'TGAME',7,'VIP_USER'),
(118,'TGAME',8,'TRADER'),
(118,'TGAME',9,'FIN_OPERATOR'),
(118,'TGAME',10,'BOT_TRADER'),
(118,'TGAME',11,'ICO_MARKET_MAKER'),
(118,'TGAME',12,'OUTER_MARKET_BOT'),
(119,'HST',1,'ADMINISTRATOR'),
(119,'HST',2,'ACCOUNTANT'),
(119,'HST',3,'ADMIN_USER'),
(119,'HST',4,'USER'),
(119,'HST',5,'ROLE_CHANGE_PASSWORD'),
(119,'HST',6,'EXCHANGE'),
(119,'HST',7,'VIP_USER'),
(119,'HST',8,'TRADER'),
(119,'HST',9,'FIN_OPERATOR'),
(119,'HST',10,'BOT_TRADER'),
(119,'HST',11,'ICO_MARKET_MAKER'),
(119,'HST',12,'OUTER_MARKET_BOT'),
(120,'TAVITT',1,'ADMINISTRATOR'),
(120,'TAVITT',2,'ACCOUNTANT'),
(120,'TAVITT',3,'ADMIN_USER'),
(120,'TAVITT',4,'USER'),
(120,'TAVITT',5,'ROLE_CHANGE_PASSWORD'),
(120,'TAVITT',6,'EXCHANGE'),
(120,'TAVITT',7,'VIP_USER'),
(120,'TAVITT',8,'TRADER'),
(120,'TAVITT',9,'FIN_OPERATOR'),
(120,'TAVITT',10,'BOT_TRADER'),
(120,'TAVITT',11,'ICO_MARKET_MAKER'),
(120,'TAVITT',12,'OUTER_MARKET_BOT'),
(121,'PTC',1,'ADMINISTRATOR'),
(121,'PTC',2,'ACCOUNTANT'),
(121,'PTC',3,'ADMIN_USER'),
(121,'PTC',4,'USER'),
(121,'PTC',5,'ROLE_CHANGE_PASSWORD'),
(121,'PTC',6,'EXCHANGE'),
(121,'PTC',7,'VIP_USER'),
(121,'PTC',8,'TRADER'),
(121,'PTC',9,'FIN_OPERATOR'),
(121,'PTC',10,'BOT_TRADER'),
(121,'PTC',11,'ICO_MARKET_MAKER'),
(121,'PTC',12,'OUTER_MARKET_BOT'),
(122,'MTL',1,'ADMINISTRATOR'),
(122,'MTL',2,'ACCOUNTANT'),
(122,'MTL',3,'ADMIN_USER'),
(122,'MTL',4,'USER'),
(122,'MTL',5,'ROLE_CHANGE_PASSWORD'),
(122,'MTL',6,'EXCHANGE'),
(122,'MTL',7,'VIP_USER'),
(122,'MTL',8,'TRADER'),
(122,'MTL',9,'FIN_OPERATOR'),
(122,'MTL',10,'BOT_TRADER'),
(122,'MTL',11,'ICO_MARKET_MAKER'),
(122,'MTL',12,'OUTER_MARKET_BOT'),
(123,'GOL',1,'ADMINISTRATOR'),
(123,'GOL',2,'ACCOUNTANT'),
(123,'GOL',3,'ADMIN_USER'),
(123,'GOL',4,'USER'),
(123,'GOL',5,'ROLE_CHANGE_PASSWORD'),
(123,'GOL',6,'EXCHANGE'),
(123,'GOL',7,'VIP_USER'),
(123,'GOL',8,'TRADER'),
(123,'GOL',9,'FIN_OPERATOR'),
(123,'GOL',10,'BOT_TRADER'),
(123,'GOL',11,'ICO_MARKET_MAKER'),
(123,'GOL',12,'OUTER_MARKET_BOT'),
(124,'LEDU',1,'ADMINISTRATOR'),
(124,'LEDU',2,'ACCOUNTANT'),
(124,'LEDU',3,'ADMIN_USER'),
(124,'LEDU',4,'USER'),
(124,'LEDU',5,'ROLE_CHANGE_PASSWORD'),
(124,'LEDU',6,'EXCHANGE'),
(124,'LEDU',7,'VIP_USER'),
(124,'LEDU',8,'TRADER'),
(124,'LEDU',9,'FIN_OPERATOR'),
(124,'LEDU',10,'BOT_TRADER'),
(124,'LEDU',11,'ICO_MARKET_MAKER'),
(124,'LEDU',12,'OUTER_MARKET_BOT'),
(125,'HSR',1,'ADMINISTRATOR'),
(125,'HSR',2,'ACCOUNTANT'),
(125,'HSR',3,'ADMIN_USER'),
(125,'HSR',4,'USER'),
(125,'HSR',5,'ROLE_CHANGE_PASSWORD'),
(125,'HSR',6,'EXCHANGE'),
(125,'HSR',7,'VIP_USER'),
(125,'HSR',8,'TRADER'),
(125,'HSR',9,'FIN_OPERATOR'),
(125,'HSR',10,'BOT_TRADER'),
(125,'HSR',11,'ICO_MARKET_MAKER'),
(125,'HSR',12,'OUTER_MARKET_BOT'),
(126,'CNET',1,'ADMINISTRATOR'),
(126,'CNET',2,'ACCOUNTANT'),
(126,'CNET',3,'ADMIN_USER'),
(126,'CNET',4,'USER'),
(126,'CNET',5,'ROLE_CHANGE_PASSWORD'),
(126,'CNET',6,'EXCHANGE'),
(126,'CNET',7,'VIP_USER'),
(126,'CNET',8,'TRADER'),
(126,'CNET',9,'FIN_OPERATOR'),
(126,'CNET',10,'BOT_TRADER'),
(126,'CNET',11,'ICO_MARKET_MAKER'),
(126,'CNET',12,'OUTER_MARKET_BOT'),
(127,'CEDEX',1,'ADMINISTRATOR'),
(127,'CEDEX',2,'ACCOUNTANT'),
(127,'CEDEX',3,'ADMIN_USER'),
(127,'CEDEX',4,'USER'),
(127,'CEDEX',5,'ROLE_CHANGE_PASSWORD'),
(127,'CEDEX',6,'EXCHANGE'),
(127,'CEDEX',7,'VIP_USER'),
(127,'CEDEX',8,'TRADER'),
(127,'CEDEX',9,'FIN_OPERATOR'),
(127,'CEDEX',10,'BOT_TRADER'),
(127,'CEDEX',11,'ICO_MARKET_MAKER'),
(127,'CEDEX',12,'OUTER_MARKET_BOT'),
(128,'LUNES',1,'ADMINISTRATOR'),
(128,'LUNES',2,'ACCOUNTANT'),
(128,'LUNES',3,'ADMIN_USER'),
(128,'LUNES',4,'USER'),
(128,'LUNES',5,'ROLE_CHANGE_PASSWORD'),
(128,'LUNES',6,'EXCHANGE'),
(128,'LUNES',7,'VIP_USER'),
(128,'LUNES',8,'TRADER'),
(128,'LUNES',9,'FIN_OPERATOR'),
(128,'LUNES',10,'BOT_TRADER'),
(128,'LUNES',11,'ICO_MARKET_MAKER'),
(128,'LUNES',12,'OUTER_MARKET_BOT'),
(129,'ADB',1,'ADMINISTRATOR'),
(129,'ADB',2,'ACCOUNTANT'),
(129,'ADB',3,'ADMIN_USER'),
(129,'ADB',4,'USER'),
(129,'ADB',5,'ROLE_CHANGE_PASSWORD'),
(129,'ADB',6,'EXCHANGE'),
(129,'ADB',7,'VIP_USER'),
(129,'ADB',8,'TRADER'),
(129,'ADB',9,'FIN_OPERATOR'),
(129,'ADB',10,'BOT_TRADER'),
(129,'ADB',11,'ICO_MARKET_MAKER'),
(129,'ADB',12,'OUTER_MARKET_BOT'),
(130,'CHE',1,'ADMINISTRATOR'),
(130,'CHE',2,'ACCOUNTANT'),
(130,'CHE',3,'ADMIN_USER'),
(130,'CHE',4,'USER'),
(130,'CHE',5,'ROLE_CHANGE_PASSWORD'),
(130,'CHE',6,'EXCHANGE'),
(130,'CHE',7,'VIP_USER'),
(130,'CHE',8,'TRADER'),
(130,'CHE',9,'FIN_OPERATOR'),
(130,'CHE',10,'BOT_TRADER'),
(130,'CHE',11,'ICO_MARKET_MAKER'),
(130,'CHE',12,'OUTER_MARKET_BOT'),
(131,'GST',1,'ADMINISTRATOR'),
(131,'GST',2,'ACCOUNTANT'),
(131,'GST',3,'ADMIN_USER'),
(131,'GST',4,'USER'),
(131,'GST',5,'ROLE_CHANGE_PASSWORD'),
(131,'GST',6,'EXCHANGE'),
(131,'GST',7,'VIP_USER'),
(131,'GST',8,'TRADER'),
(131,'GST',9,'FIN_OPERATOR'),
(131,'GST',10,'BOT_TRADER'),
(131,'GST',11,'ICO_MARKET_MAKER'),
(131,'GST',12,'OUTER_MARKET_BOT'),
(132,'BCL',1,'ADMINISTRATOR'),
(132,'BCL',2,'ACCOUNTANT'),
(132,'BCL',3,'ADMIN_USER'),
(132,'BCL',4,'USER'),
(132,'BCL',5,'ROLE_CHANGE_PASSWORD'),
(132,'BCL',6,'EXCHANGE'),
(132,'BCL',7,'VIP_USER'),
(132,'BCL',8,'TRADER'),
(132,'BCL',9,'FIN_OPERATOR'),
(132,'BCL',10,'BOT_TRADER'),
(132,'BCL',11,'ICO_MARKET_MAKER'),
(132,'BCL',12,'OUTER_MARKET_BOT'),
(133,'BRECO',1,'ADMINISTRATOR'),
(133,'BRECO',2,'ACCOUNTANT'),
(133,'BRECO',3,'ADMIN_USER'),
(133,'BRECO',4,'USER'),
(133,'BRECO',5,'ROLE_CHANGE_PASSWORD'),
(133,'BRECO',6,'EXCHANGE'),
(133,'BRECO',7,'VIP_USER'),
(133,'BRECO',8,'TRADER'),
(133,'BRECO',9,'FIN_OPERATOR'),
(133,'BRECO',10,'BOT_TRADER'),
(133,'BRECO',11,'ICO_MARKET_MAKER'),
(133,'BRECO',12,'OUTER_MARKET_BOT'),
(134,'ACT',1,'ADMINISTRATOR'),
(134,'ACT',2,'ACCOUNTANT'),
(134,'ACT',3,'ADMIN_USER'),
(134,'ACT',4,'USER'),
(134,'ACT',5,'ROLE_CHANGE_PASSWORD'),
(134,'ACT',6,'EXCHANGE'),
(134,'ACT',7,'VIP_USER'),
(134,'ACT',8,'TRADER'),
(134,'ACT',9,'FIN_OPERATOR'),
(134,'ACT',10,'BOT_TRADER'),
(134,'ACT',11,'ICO_MARKET_MAKER'),
(134,'ACT',12,'OUTER_MARKET_BOT'),
(135,'VEX',1,'ADMINISTRATOR'),
(135,'VEX',2,'ACCOUNTANT'),
(135,'VEX',3,'ADMIN_USER'),
(135,'VEX',4,'USER'),
(135,'VEX',5,'ROLE_CHANGE_PASSWORD'),
(135,'VEX',6,'EXCHANGE'),
(135,'VEX',7,'VIP_USER'),
(135,'VEX',8,'TRADER'),
(135,'VEX',9,'FIN_OPERATOR'),
(135,'VEX',10,'BOT_TRADER'),
(135,'VEX',11,'ICO_MARKET_MAKER'),
(135,'VEX',12,'OUTER_MARKET_BOT'),
(136,'FTO',1,'ADMINISTRATOR'),
(136,'FTO',2,'ACCOUNTANT'),
(136,'FTO',3,'ADMIN_USER'),
(136,'FTO',4,'USER'),
(136,'FTO',5,'ROLE_CHANGE_PASSWORD'),
(136,'FTO',6,'EXCHANGE'),
(136,'FTO',7,'VIP_USER'),
(136,'FTO',8,'TRADER'),
(136,'FTO',9,'FIN_OPERATOR'),
(136,'FTO',10,'BOT_TRADER'),
(136,'FTO',11,'ICO_MARKET_MAKER'),
(136,'FTO',12,'OUTER_MARKET_BOT'),
(137,'UMT',1,'ADMINISTRATOR'),
(137,'UMT',2,'ACCOUNTANT'),
(137,'UMT',3,'ADMIN_USER'),
(137,'UMT',4,'USER'),
(137,'UMT',5,'ROLE_CHANGE_PASSWORD'),
(137,'UMT',6,'EXCHANGE'),
(137,'UMT',7,'VIP_USER'),
(137,'UMT',8,'TRADER'),
(137,'UMT',9,'FIN_OPERATOR'),
(137,'UMT',10,'BOT_TRADER'),
(137,'UMT',11,'ICO_MARKET_MAKER'),
(137,'UMT',12,'OUTER_MARKET_BOT'),
(138,'SABR',1,'ADMINISTRATOR'),
(138,'SABR',2,'ACCOUNTANT'),
(138,'SABR',3,'ADMIN_USER'),
(138,'SABR',4,'USER'),
(138,'SABR',5,'ROLE_CHANGE_PASSWORD'),
(138,'SABR',6,'EXCHANGE'),
(138,'SABR',7,'VIP_USER'),
(138,'SABR',8,'TRADER'),
(138,'SABR',9,'FIN_OPERATOR'),
(138,'SABR',10,'BOT_TRADER'),
(138,'SABR',11,'ICO_MARKET_MAKER'),
(138,'SABR',12,'OUTER_MARKET_BOT'),
(139,'EQL',1,'ADMINISTRATOR'),
(139,'EQL',2,'ACCOUNTANT'),
(139,'EQL',3,'ADMIN_USER'),
(139,'EQL',4,'USER'),
(139,'EQL',5,'ROLE_CHANGE_PASSWORD'),
(139,'EQL',6,'EXCHANGE'),
(139,'EQL',7,'VIP_USER'),
(139,'EQL',8,'TRADER'),
(139,'EQL',9,'FIN_OPERATOR'),
(139,'EQL',10,'BOT_TRADER'),
(139,'EQL',11,'ICO_MARKET_MAKER'),
(139,'EQL',12,'OUTER_MARKET_BOT'),
(140,'MASP',1,'ADMINISTRATOR'),
(140,'MASP',2,'ACCOUNTANT'),
(140,'MASP',3,'ADMIN_USER'),
(140,'MASP',4,'USER'),
(140,'MASP',5,'ROLE_CHANGE_PASSWORD'),
(140,'MASP',6,'EXCHANGE'),
(140,'MASP',7,'VIP_USER'),
(140,'MASP',8,'TRADER'),
(140,'MASP',9,'FIN_OPERATOR'),
(140,'MASP',10,'BOT_TRADER'),
(140,'MASP',11,'ICO_MARKET_MAKER'),
(140,'MASP',12,'OUTER_MARKET_BOT'),
(141,'VNT',1,'ADMINISTRATOR'),
(141,'VNT',2,'ACCOUNTANT'),
(141,'VNT',3,'ADMIN_USER'),
(141,'VNT',4,'USER'),
(141,'VNT',5,'ROLE_CHANGE_PASSWORD'),
(141,'VNT',6,'EXCHANGE'),
(141,'VNT',7,'VIP_USER'),
(141,'VNT',8,'TRADER'),
(141,'VNT',9,'FIN_OPERATOR'),
(141,'VNT',10,'BOT_TRADER'),
(141,'VNT',11,'ICO_MARKET_MAKER'),
(141,'VNT',12,'OUTER_MARKET_BOT'),
(143,'SKILL',1,'ADMINISTRATOR'),
(143,'SKILL',2,'ACCOUNTANT'),
(143,'SKILL',3,'ADMIN_USER'),
(143,'SKILL',4,'USER'),
(143,'SKILL',5,'ROLE_CHANGE_PASSWORD'),
(143,'SKILL',6,'EXCHANGE'),
(143,'SKILL',7,'VIP_USER'),
(143,'SKILL',8,'TRADER'),
(143,'SKILL',9,'FIN_OPERATOR'),
(143,'SKILL',10,'BOT_TRADER'),
(143,'SKILL',11,'ICO_MARKET_MAKER'),
(143,'SKILL',12,'OUTER_MARKET_BOT'),
(144,'SAT',1,'ADMINISTRATOR'),
(144,'SAT',2,'ACCOUNTANT'),
(144,'SAT',3,'ADMIN_USER'),
(144,'SAT',4,'USER'),
(144,'SAT',5,'ROLE_CHANGE_PASSWORD'),
(144,'SAT',6,'EXCHANGE'),
(144,'SAT',7,'VIP_USER'),
(144,'SAT',8,'TRADER'),
(144,'SAT',9,'FIN_OPERATOR'),
(144,'SAT',10,'BOT_TRADER'),
(144,'SAT',11,'ICO_MARKET_MAKER'),
(144,'SAT',12,'OUTER_MARKET_BOT'),
(145,'STOR',1,'ADMINISTRATOR'),
(145,'STOR',2,'ACCOUNTANT'),
(145,'STOR',3,'ADMIN_USER'),
(145,'STOR',4,'USER'),
(145,'STOR',5,'ROLE_CHANGE_PASSWORD'),
(145,'STOR',6,'EXCHANGE'),
(145,'STOR',7,'VIP_USER'),
(145,'STOR',8,'TRADER'),
(145,'STOR',9,'FIN_OPERATOR'),
(145,'STOR',10,'BOT_TRADER'),
(145,'STOR',11,'ICO_MARKET_MAKER'),
(145,'STOR',12,'OUTER_MARKET_BOT'),
(146,'DACC',1,'ADMINISTRATOR'),
(146,'DACC',2,'ACCOUNTANT'),
(146,'DACC',3,'ADMIN_USER'),
(146,'DACC',4,'USER'),
(146,'DACC',5,'ROLE_CHANGE_PASSWORD'),
(146,'DACC',6,'EXCHANGE'),
(146,'DACC',7,'VIP_USER'),
(146,'DACC',8,'TRADER'),
(146,'DACC',9,'FIN_OPERATOR'),
(146,'DACC',10,'BOT_TRADER'),
(146,'DACC',11,'ICO_MARKET_MAKER'),
(146,'DACC',12,'OUTER_MARKET_BOT'),
(147,'QUiNT',1,'ADMINISTRATOR'),
(147,'QUiNT',2,'ACCOUNTANT'),
(147,'QUiNT',3,'ADMIN_USER'),
(147,'QUiNT',4,'USER'),
(147,'QUiNT',5,'ROLE_CHANGE_PASSWORD'),
(147,'QUiNT',6,'EXCHANGE'),
(147,'QUiNT',7,'VIP_USER'),
(147,'QUiNT',8,'TRADER'),
(147,'QUiNT',9,'FIN_OPERATOR'),
(147,'QUiNT',10,'BOT_TRADER'),
(147,'QUiNT',11,'ICO_MARKET_MAKER'),
(147,'QUiNT',12,'OUTER_MARKET_BOT'),
(148,'TERN',1,'ADMINISTRATOR'),
(148,'TERN',2,'ACCOUNTANT'),
(148,'TERN',3,'ADMIN_USER'),
(148,'TERN',4,'USER'),
(148,'TERN',5,'ROLE_CHANGE_PASSWORD'),
(148,'TERN',6,'EXCHANGE'),
(148,'TERN',7,'VIP_USER'),
(148,'TERN',8,'TRADER'),
(148,'TERN',9,'FIN_OPERATOR'),
(148,'TERN',10,'BOT_TRADER'),
(148,'TERN',11,'ICO_MARKET_MAKER'),
(148,'TERN',12,'OUTER_MARKET_BOT'),
(149,'TTC',1,'ADMINISTRATOR'),
(149,'TTC',2,'ACCOUNTANT'),
(149,'TTC',3,'ADMIN_USER'),
(149,'TTC',4,'USER'),
(149,'TTC',5,'ROLE_CHANGE_PASSWORD'),
(149,'TTC',6,'EXCHANGE'),
(149,'TTC',7,'VIP_USER'),
(149,'TTC',8,'TRADER'),
(149,'TTC',9,'FIN_OPERATOR'),
(149,'TTC',10,'BOT_TRADER'),
(149,'TTC',11,'ICO_MARKET_MAKER'),
(149,'TTC',12,'OUTER_MARKET_BOT'),
(150,'NTY',1,'ADMINISTRATOR'),
(150,'NTY',2,'ACCOUNTANT'),
(150,'NTY',3,'ADMIN_USER'),
(150,'NTY',4,'USER'),
(150,'NTY',5,'ROLE_CHANGE_PASSWORD'),
(150,'NTY',6,'EXCHANGE'),
(150,'NTY',7,'VIP_USER'),
(150,'NTY',8,'TRADER'),
(150,'NTY',9,'FIN_OPERATOR'),
(150,'NTY',10,'BOT_TRADER'),
(150,'NTY',11,'ICO_MARKET_MAKER'),
(150,'NTY',12,'OUTER_MARKET_BOT'),
(151,'BFG',1,'ADMINISTRATOR'),
(151,'BFG',2,'ACCOUNTANT'),
(151,'BFG',3,'ADMIN_USER'),
(151,'BFG',4,'USER'),
(151,'BFG',5,'ROLE_CHANGE_PASSWORD'),
(151,'BFG',6,'EXCHANGE'),
(151,'BFG',7,'VIP_USER'),
(151,'BFG',8,'TRADER'),
(151,'BFG',9,'FIN_OPERATOR'),
(151,'BFG',10,'BOT_TRADER'),
(151,'BFG',11,'ICO_MARKET_MAKER'),
(151,'BFG',12,'OUTER_MARKET_BOT'),
(152,'SUMO',1,'ADMINISTRATOR'),
(152,'SUMO',2,'ACCOUNTANT'),
(152,'SUMO',3,'ADMIN_USER'),
(152,'SUMO',4,'USER'),
(152,'SUMO',5,'ROLE_CHANGE_PASSWORD'),
(152,'SUMO',6,'EXCHANGE'),
(152,'SUMO',7,'VIP_USER'),
(152,'SUMO',8,'TRADER'),
(152,'SUMO',9,'FIN_OPERATOR'),
(152,'SUMO',10,'BOT_TRADER'),
(152,'SUMO',11,'ICO_MARKET_MAKER'),
(152,'SUMO',12,'OUTER_MARKET_BOT'),
(153,'KGS',1,'ADMINISTRATOR'),
(153,'KGS',2,'ACCOUNTANT'),
(153,'KGS',3,'ADMIN_USER'),
(153,'KGS',4,'USER'),
(153,'KGS',5,'ROLE_CHANGE_PASSWORD'),
(153,'KGS',6,'EXCHANGE'),
(153,'KGS',7,'VIP_USER'),
(153,'KGS',8,'TRADER'),
(153,'KGS',9,'FIN_OPERATOR'),
(153,'KGS',10,'BOT_TRADER'),
(153,'KGS',11,'ICO_MARKET_MAKER'),
(153,'KGS',12,'OUTER_MARKET_BOT'),
(154,'BRB',1,'ADMINISTRATOR'),
(154,'BRB',2,'ACCOUNTANT'),
(154,'BRB',3,'ADMIN_USER'),
(154,'BRB',4,'USER'),
(154,'BRB',5,'ROLE_CHANGE_PASSWORD'),
(154,'BRB',6,'EXCHANGE'),
(154,'BRB',7,'VIP_USER'),
(154,'BRB',8,'TRADER'),
(154,'BRB',9,'FIN_OPERATOR'),
(154,'BRB',10,'BOT_TRADER'),
(154,'BRB',11,'ICO_MARKET_MAKER'),
(154,'BRB',12,'OUTER_MARKET_BOT'),
(155,'JET',1,'ADMINISTRATOR'),
(155,'JET',2,'ACCOUNTANT'),
(155,'JET',3,'ADMIN_USER'),
(155,'JET',4,'USER'),
(155,'JET',5,'ROLE_CHANGE_PASSWORD'),
(155,'JET',6,'EXCHANGE'),
(155,'JET',7,'VIP_USER'),
(155,'JET',8,'TRADER'),
(155,'JET',9,'FIN_OPERATOR'),
(155,'JET',10,'BOT_TRADER'),
(155,'JET',11,'ICO_MARKET_MAKER'),
(155,'JET',12,'OUTER_MARKET_BOT'),
(156,'RIZ',1,'ADMINISTRATOR'),
(156,'RIZ',2,'ACCOUNTANT'),
(156,'RIZ',3,'ADMIN_USER'),
(156,'RIZ',4,'USER'),
(156,'RIZ',5,'ROLE_CHANGE_PASSWORD'),
(156,'RIZ',6,'EXCHANGE'),
(156,'RIZ',7,'VIP_USER'),
(156,'RIZ',8,'TRADER'),
(156,'RIZ',9,'FIN_OPERATOR'),
(156,'RIZ',10,'BOT_TRADER'),
(156,'RIZ',11,'ICO_MARKET_MAKER'),
(156,'RIZ',12,'OUTER_MARKET_BOT'),
(157,'PAT',1,'ADMINISTRATOR'),
(157,'PAT',2,'ACCOUNTANT'),
(157,'PAT',3,'ADMIN_USER'),
(157,'PAT',4,'USER'),
(157,'PAT',5,'ROLE_CHANGE_PASSWORD'),
(157,'PAT',6,'EXCHANGE'),
(157,'PAT',7,'VIP_USER'),
(157,'PAT',8,'TRADER'),
(157,'PAT',9,'FIN_OPERATOR'),
(157,'PAT',10,'BOT_TRADER'),
(157,'PAT',11,'ICO_MARKET_MAKER'),
(157,'PAT',12,'OUTER_MARKET_BOT'),
(158,'KWATT',1,'ADMINISTRATOR'),
(158,'KWATT',2,'ACCOUNTANT'),
(158,'KWATT',3,'ADMIN_USER'),
(158,'KWATT',4,'USER'),
(158,'KWATT',5,'ROLE_CHANGE_PASSWORD'),
(158,'KWATT',6,'EXCHANGE'),
(158,'KWATT',7,'VIP_USER'),
(158,'KWATT',8,'TRADER'),
(158,'KWATT',9,'FIN_OPERATOR'),
(158,'KWATT',10,'BOT_TRADER'),
(158,'KWATT',11,'ICO_MARKET_MAKER'),
(158,'KWATT',12,'OUTER_MARKET_BOT'),
(159,'eMTV',1,'ADMINISTRATOR'),
(159,'eMTV',2,'ACCOUNTANT'),
(159,'eMTV',3,'ADMIN_USER'),
(159,'eMTV',4,'USER'),
(159,'eMTV',5,'ROLE_CHANGE_PASSWORD'),
(159,'eMTV',6,'EXCHANGE'),
(159,'eMTV',7,'VIP_USER'),
(159,'eMTV',8,'TRADER'),
(159,'eMTV',9,'FIN_OPERATOR'),
(159,'eMTV',10,'BOT_TRADER'),
(159,'eMTV',11,'ICO_MARKET_MAKER'),
(159,'eMTV',12,'OUTER_MARKET_BOT'),
(160,'FPWR',1,'ADMINISTRATOR'),
(160,'FPWR',2,'ACCOUNTANT'),
(160,'FPWR',3,'ADMIN_USER'),
(160,'FPWR',4,'USER'),
(160,'FPWR',5,'ROLE_CHANGE_PASSWORD'),
(160,'FPWR',6,'EXCHANGE'),
(160,'FPWR',7,'VIP_USER'),
(160,'FPWR',8,'TRADER'),
(160,'FPWR',9,'FIN_OPERATOR'),
(160,'FPWR',10,'BOT_TRADER'),
(160,'FPWR',11,'ICO_MARKET_MAKER'),
(160,'FPWR',12,'OUTER_MARKET_BOT'),
(161,'TUSD',1,'ADMINISTRATOR'),
(161,'TUSD',2,'ACCOUNTANT'),
(161,'TUSD',3,'ADMIN_USER'),
(161,'TUSD',4,'USER'),
(161,'TUSD',5,'ROLE_CHANGE_PASSWORD'),
(161,'TUSD',6,'EXCHANGE'),
(161,'TUSD',7,'VIP_USER'),
(161,'TUSD',8,'TRADER'),
(161,'TUSD',9,'FIN_OPERATOR'),
(161,'TUSD',10,'BOT_TRADER'),
(161,'TUSD',11,'ICO_MARKET_MAKER'),
(161,'TUSD',12,'OUTER_MARKET_BOT'),
(162,'CRBT',1,'ADMINISTRATOR'),
(162,'CRBT',2,'ACCOUNTANT'),
(162,'CRBT',3,'ADMIN_USER'),
(162,'CRBT',4,'USER'),
(162,'CRBT',5,'ROLE_CHANGE_PASSWORD'),
(162,'CRBT',6,'EXCHANGE'),
(162,'CRBT',7,'VIP_USER'),
(162,'CRBT',8,'TRADER'),
(162,'CRBT',9,'FIN_OPERATOR'),
(162,'CRBT',10,'BOT_TRADER'),
(162,'CRBT',11,'ICO_MARKET_MAKER'),
(162,'CRBT',12,'OUTER_MARKET_BOT'),
(163,'HIVE',1,'ADMINISTRATOR'),
(163,'HIVE',2,'ACCOUNTANT'),
(163,'HIVE',3,'ADMIN_USER'),
(163,'HIVE',4,'USER'),
(163,'HIVE',5,'ROLE_CHANGE_PASSWORD'),
(163,'HIVE',6,'EXCHANGE'),
(163,'HIVE',7,'VIP_USER'),
(163,'HIVE',8,'TRADER'),
(163,'HIVE',9,'FIN_OPERATOR'),
(163,'HIVE',10,'BOT_TRADER'),
(163,'HIVE',11,'ICO_MARKET_MAKER'),
(163,'HIVE',12,'OUTER_MARKET_BOT'),
(164,'TRX',1,'ADMINISTRATOR'),
(164,'TRX',2,'ACCOUNTANT'),
(164,'TRX',3,'ADMIN_USER'),
(164,'TRX',4,'USER'),
(164,'TRX',5,'ROLE_CHANGE_PASSWORD'),
(164,'TRX',6,'EXCHANGE'),
(164,'TRX',7,'VIP_USER'),
(164,'TRX',8,'TRADER'),
(164,'TRX',9,'FIN_OPERATOR'),
(164,'TRX',10,'BOT_TRADER'),
(164,'TRX',11,'ICO_MARKET_MAKER'),
(164,'TRX',12,'OUTER_MARKET_BOT'),
(165,'HDR',1,'ADMINISTRATOR'),
(165,'HDR',2,'ACCOUNTANT'),
(165,'HDR',3,'ADMIN_USER'),
(165,'HDR',4,'USER'),
(165,'HDR',5,'ROLE_CHANGE_PASSWORD'),
(165,'HDR',6,'EXCHANGE'),
(165,'HDR',7,'VIP_USER'),
(165,'HDR',8,'TRADER'),
(165,'HDR',9,'FIN_OPERATOR'),
(165,'HDR',10,'BOT_TRADER'),
(165,'HDR',11,'ICO_MARKET_MAKER'),
(165,'HDR',12,'OUTER_MARKET_BOT'),
(166,'CMIT',1,'ADMINISTRATOR'),
(166,'CMIT',2,'ACCOUNTANT'),
(166,'CMIT',3,'ADMIN_USER'),
(166,'CMIT',4,'USER'),
(166,'CMIT',5,'ROLE_CHANGE_PASSWORD'),
(166,'CMIT',6,'EXCHANGE'),
(166,'CMIT',7,'VIP_USER'),
(166,'CMIT',8,'TRADER'),
(166,'CMIT',9,'FIN_OPERATOR'),
(166,'CMIT',10,'BOT_TRADER'),
(166,'CMIT',11,'ICO_MARKET_MAKER'),
(166,'CMIT',12,'OUTER_MARKET_BOT'),
(167,'RAC',1,'ADMINISTRATOR'),
(167,'RAC',2,'ACCOUNTANT'),
(167,'RAC',3,'ADMIN_USER'),
(167,'RAC',4,'USER'),
(167,'RAC',5,'ROLE_CHANGE_PASSWORD'),
(167,'RAC',6,'EXCHANGE'),
(167,'RAC',7,'VIP_USER'),
(167,'RAC',8,'TRADER'),
(167,'RAC',9,'FIN_OPERATOR'),
(167,'RAC',10,'BOT_TRADER'),
(167,'RAC',11,'ICO_MARKET_MAKER'),
(167,'RAC',12,'OUTER_MARKET_BOT'),
(169,'IQN',1,'ADMINISTRATOR'),
(169,'IQN',2,'ACCOUNTANT'),
(169,'IQN',3,'ADMIN_USER'),
(169,'IQN',4,'USER'),
(169,'IQN',5,'ROLE_CHANGE_PASSWORD'),
(169,'IQN',6,'EXCHANGE'),
(169,'IQN',7,'VIP_USER'),
(169,'IQN',8,'TRADER'),
(169,'IQN',9,'FIN_OPERATOR'),
(169,'IQN',10,'BOT_TRADER'),
(169,'IQN',11,'ICO_MARKET_MAKER'),
(169,'IQN',12,'OUTER_MARKET_BOT'),
(170,'ETI',1,'ADMINISTRATOR'),
(170,'ETI',2,'ACCOUNTANT'),
(170,'ETI',3,'ADMIN_USER'),
(170,'ETI',4,'USER'),
(170,'ETI',5,'ROLE_CHANGE_PASSWORD'),
(170,'ETI',6,'EXCHANGE'),
(170,'ETI',7,'VIP_USER'),
(170,'ETI',8,'TRADER'),
(170,'ETI',9,'FIN_OPERATOR'),
(170,'ETI',10,'BOT_TRADER'),
(170,'ETI',11,'ICO_MARKET_MAKER'),
(170,'ETI',12,'OUTER_MARKET_BOT'),
(171,'GEX',1,'ADMINISTRATOR'),
(171,'GEX',2,'ACCOUNTANT'),
(171,'GEX',3,'ADMIN_USER'),
(171,'GEX',4,'USER'),
(171,'GEX',5,'ROLE_CHANGE_PASSWORD'),
(171,'GEX',6,'EXCHANGE'),
(171,'GEX',7,'VIP_USER'),
(171,'GEX',8,'TRADER'),
(171,'GEX',9,'FIN_OPERATOR'),
(171,'GEX',10,'BOT_TRADER'),
(171,'GEX',11,'ICO_MARKET_MAKER'),
(171,'GEX',12,'OUTER_MARKET_BOT'),
(172,'SIC',1,'ADMINISTRATOR'),
(172,'SIC',2,'ACCOUNTANT'),
(172,'SIC',3,'ADMIN_USER'),
(172,'SIC',4,'USER'),
(172,'SIC',5,'ROLE_CHANGE_PASSWORD'),
(172,'SIC',6,'EXCHANGE'),
(172,'SIC',7,'VIP_USER'),
(172,'SIC',8,'TRADER'),
(172,'SIC',9,'FIN_OPERATOR'),
(172,'SIC',10,'BOT_TRADER'),
(172,'SIC',11,'ICO_MARKET_MAKER'),
(172,'SIC',12,'OUTER_MARKET_BOT'),
(173,'IXE',1,'ADMINISTRATOR'),
(173,'IXE',2,'ACCOUNTANT'),
(173,'IXE',3,'ADMIN_USER'),
(173,'IXE',4,'USER'),
(173,'IXE',5,'ROLE_CHANGE_PASSWORD'),
(173,'IXE',6,'EXCHANGE'),
(173,'IXE',7,'VIP_USER'),
(173,'IXE',8,'TRADER'),
(173,'IXE',9,'FIN_OPERATOR'),
(173,'IXE',10,'BOT_TRADER'),
(173,'IXE',11,'ICO_MARKET_MAKER'),
(173,'IXE',12,'OUTER_MARKET_BOT'),
(174,'CLX',1,'ADMINISTRATOR'),
(174,'CLX',2,'ACCOUNTANT'),
(174,'CLX',3,'ADMIN_USER'),
(174,'CLX',4,'USER'),
(174,'CLX',5,'ROLE_CHANGE_PASSWORD'),
(174,'CLX',6,'EXCHANGE'),
(174,'CLX',7,'VIP_USER'),
(174,'CLX',8,'TRADER'),
(174,'CLX',9,'FIN_OPERATOR'),
(174,'CLX',10,'BOT_TRADER'),
(174,'CLX',11,'ICO_MARKET_MAKER'),
(174,'CLX',12,'OUTER_MARKET_BOT'),
(175,'PHI',1,'ADMINISTRATOR'),
(175,'PHI',2,'ACCOUNTANT'),
(175,'PHI',3,'ADMIN_USER'),
(175,'PHI',4,'USER'),
(175,'PHI',5,'ROLE_CHANGE_PASSWORD'),
(175,'PHI',6,'EXCHANGE'),
(175,'PHI',7,'VIP_USER'),
(175,'PHI',8,'TRADER'),
(175,'PHI',9,'FIN_OPERATOR'),
(175,'PHI',10,'BOT_TRADER'),
(175,'PHI',11,'ICO_MARKET_MAKER'),
(175,'PHI',12,'OUTER_MARKET_BOT'),
(176,'NER',1,'ADMINISTRATOR'),
(176,'NER',2,'ACCOUNTANT'),
(176,'NER',3,'ADMIN_USER'),
(176,'NER',4,'USER'),
(176,'NER',5,'ROLE_CHANGE_PASSWORD'),
(176,'NER',6,'EXCHANGE'),
(176,'NER',7,'VIP_USER'),
(176,'NER',8,'TRADER'),
(176,'NER',9,'FIN_OPERATOR'),
(176,'NER',10,'BOT_TRADER'),
(176,'NER',11,'ICO_MARKET_MAKER'),
(176,'NER',12,'OUTER_MARKET_BOT'),
(177,'MFTU',1,'ADMINISTRATOR'),
(177,'MFTU',2,'ACCOUNTANT'),
(177,'MFTU',3,'ADMIN_USER'),
(177,'MFTU',4,'USER'),
(177,'MFTU',5,'ROLE_CHANGE_PASSWORD'),
(177,'MFTU',6,'EXCHANGE'),
(177,'MFTU',7,'VIP_USER'),
(177,'MFTU',8,'TRADER'),
(177,'MFTU',9,'FIN_OPERATOR'),
(177,'MFTU',10,'BOT_TRADER'),
(177,'MFTU',11,'ICO_MARKET_MAKER'),
(177,'MFTU',12,'OUTER_MARKET_BOT'),
(178,'RET',1,'ADMINISTRATOR'),
(178,'RET',2,'ACCOUNTANT'),
(178,'RET',3,'ADMIN_USER'),
(178,'RET',4,'USER'),
(178,'RET',5,'ROLE_CHANGE_PASSWORD'),
(178,'RET',6,'EXCHANGE'),
(178,'RET',7,'VIP_USER'),
(178,'RET',8,'TRADER'),
(178,'RET',9,'FIN_OPERATOR'),
(178,'RET',10,'BOT_TRADER'),
(178,'RET',11,'ICO_MARKET_MAKER'),
(178,'RET',12,'OUTER_MARKET_BOT'),
(179,'CMK',1,'ADMINISTRATOR'),
(179,'CMK',2,'ACCOUNTANT'),
(179,'CMK',3,'ADMIN_USER'),
(179,'CMK',4,'USER'),
(179,'CMK',5,'ROLE_CHANGE_PASSWORD'),
(179,'CMK',6,'EXCHANGE'),
(179,'CMK',7,'VIP_USER'),
(179,'CMK',8,'TRADER'),
(179,'CMK',9,'FIN_OPERATOR'),
(179,'CMK',10,'BOT_TRADER'),
(179,'CMK',11,'ICO_MARKET_MAKER'),
(179,'CMK',12,'OUTER_MARKET_BOT'),
(180,'GIGC',1,'ADMINISTRATOR'),
(180,'GIGC',2,'ACCOUNTANT'),
(180,'GIGC',3,'ADMIN_USER'),
(180,'GIGC',4,'USER'),
(180,'GIGC',5,'ROLE_CHANGE_PASSWORD'),
(180,'GIGC',6,'EXCHANGE'),
(180,'GIGC',7,'VIP_USER'),
(180,'GIGC',8,'TRADER'),
(180,'GIGC',9,'FIN_OPERATOR'),
(180,'GIGC',10,'BOT_TRADER'),
(180,'GIGC',11,'ICO_MARKET_MAKER'),
(180,'GIGC',12,'OUTER_MARKET_BOT'),
(181,'DCR',1,'ADMINISTRATOR'),
(181,'DCR',2,'ACCOUNTANT'),
(181,'DCR',3,'ADMIN_USER'),
(181,'DCR',4,'USER'),
(181,'DCR',5,'ROLE_CHANGE_PASSWORD'),
(181,'DCR',6,'EXCHANGE'),
(181,'DCR',7,'VIP_USER'),
(181,'DCR',8,'TRADER'),
(181,'DCR',9,'FIN_OPERATOR'),
(181,'DCR',10,'BOT_TRADER'),
(181,'DCR',11,'ICO_MARKET_MAKER'),
(181,'DCR',12,'OUTER_MARKET_BOT'),
(182,'SWM',1,'ADMINISTRATOR'),
(182,'SWM',2,'ACCOUNTANT'),
(182,'SWM',3,'ADMIN_USER'),
(182,'SWM',4,'USER'),
(182,'SWM',5,'ROLE_CHANGE_PASSWORD'),
(182,'SWM',6,'EXCHANGE'),
(182,'SWM',7,'VIP_USER'),
(182,'SWM',8,'TRADER'),
(182,'SWM',9,'FIN_OPERATOR'),
(182,'SWM',10,'BOT_TRADER'),
(182,'SWM',11,'ICO_MARKET_MAKER'),
(182,'SWM',12,'OUTER_MARKET_BOT'),
(183,'BNC',1,'ADMINISTRATOR'),
(183,'BNC',2,'ACCOUNTANT'),
(183,'BNC',3,'ADMIN_USER'),
(183,'BNC',4,'USER'),
(183,'BNC',5,'ROLE_CHANGE_PASSWORD'),
(183,'BNC',6,'EXCHANGE'),
(183,'BNC',7,'VIP_USER'),
(183,'BNC',8,'TRADER'),
(183,'BNC',9,'FIN_OPERATOR'),
(183,'BNC',10,'BOT_TRADER'),
(183,'BNC',11,'ICO_MARKET_MAKER'),
(183,'BNC',12,'OUTER_MARKET_BOT'),
(184,'TIC',1,'ADMINISTRATOR'),
(184,'TIC',2,'ACCOUNTANT'),
(184,'TIC',3,'ADMIN_USER'),
(184,'TIC',4,'USER'),
(184,'TIC',5,'ROLE_CHANGE_PASSWORD'),
(184,'TIC',6,'EXCHANGE'),
(184,'TIC',7,'VIP_USER'),
(184,'TIC',8,'TRADER'),
(184,'TIC',9,'FIN_OPERATOR'),
(184,'TIC',10,'BOT_TRADER'),
(184,'TIC',11,'ICO_MARKET_MAKER'),
(184,'TIC',12,'OUTER_MARKET_BOT'),
(185,'uDOO',1,'ADMINISTRATOR'),
(185,'uDOO',2,'ACCOUNTANT'),
(185,'uDOO',3,'ADMIN_USER'),
(185,'uDOO',4,'USER'),
(185,'uDOO',5,'ROLE_CHANGE_PASSWORD'),
(185,'uDOO',6,'EXCHANGE'),
(185,'uDOO',7,'VIP_USER'),
(185,'uDOO',8,'TRADER'),
(185,'uDOO',9,'FIN_OPERATOR'),
(185,'uDOO',10,'BOT_TRADER'),
(185,'uDOO',11,'ICO_MARKET_MAKER'),
(185,'uDOO',12,'OUTER_MARKET_BOT'),
(186,'WTL',1,'ADMINISTRATOR'),
(186,'WTL',2,'ACCOUNTANT'),
(186,'WTL',3,'ADMIN_USER'),
(186,'WTL',4,'USER'),
(186,'WTL',5,'ROLE_CHANGE_PASSWORD'),
(186,'WTL',6,'EXCHANGE'),
(186,'WTL',7,'VIP_USER'),
(186,'WTL',8,'TRADER'),
(186,'WTL',9,'FIN_OPERATOR'),
(186,'WTL',10,'BOT_TRADER'),
(186,'WTL',11,'ICO_MARKET_MAKER'),
(186,'WTL',12,'OUTER_MARKET_BOT'),
(187,'ADK',1,'ADMINISTRATOR'),
(187,'ADK',2,'ACCOUNTANT'),
(187,'ADK',3,'ADMIN_USER'),
(187,'ADK',4,'USER'),
(187,'ADK',5,'ROLE_CHANGE_PASSWORD'),
(187,'ADK',6,'EXCHANGE'),
(187,'ADK',7,'VIP_USER'),
(187,'ADK',8,'TRADER'),
(187,'ADK',9,'FIN_OPERATOR'),
(187,'ADK',10,'BOT_TRADER'),
(187,'ADK',11,'ICO_MARKET_MAKER'),
(187,'ADK',12,'OUTER_MARKET_BOT'),
(188,'QRK',1,'ADMINISTRATOR'),
(188,'QRK',2,'ACCOUNTANT'),
(188,'QRK',3,'ADMIN_USER'),
(188,'QRK',4,'USER'),
(188,'QRK',5,'ROLE_CHANGE_PASSWORD'),
(188,'QRK',6,'EXCHANGE'),
(188,'QRK',7,'VIP_USER'),
(188,'QRK',8,'TRADER'),
(188,'QRK',9,'FIN_OPERATOR'),
(188,'QRK',10,'BOT_TRADER'),
(188,'QRK',11,'ICO_MARKET_MAKER'),
(188,'QRK',12,'OUTER_MARKET_BOT'),
(189,'LPC',1,'ADMINISTRATOR'),
(189,'LPC',2,'ACCOUNTANT'),
(189,'LPC',3,'ADMIN_USER'),
(189,'LPC',4,'USER'),
(189,'LPC',5,'ROLE_CHANGE_PASSWORD'),
(189,'LPC',6,'EXCHANGE'),
(189,'LPC',7,'VIP_USER'),
(189,'LPC',8,'TRADER'),
(189,'LPC',9,'FIN_OPERATOR'),
(189,'LPC',10,'BOT_TRADER'),
(189,'LPC',11,'ICO_MARKET_MAKER'),
(189,'LPC',12,'OUTER_MARKET_BOT'),
(190,'TOA',1,'ADMINISTRATOR'),
(190,'TOA',2,'ACCOUNTANT'),
(190,'TOA',3,'ADMIN_USER'),
(190,'TOA',4,'USER'),
(190,'TOA',5,'ROLE_CHANGE_PASSWORD'),
(190,'TOA',6,'EXCHANGE'),
(190,'TOA',7,'VIP_USER'),
(190,'TOA',8,'TRADER'),
(190,'TOA',9,'FIN_OPERATOR'),
(190,'TOA',10,'BOT_TRADER'),
(190,'TOA',11,'ICO_MARKET_MAKER'),
(190,'TOA',12,'OUTER_MARKET_BOT'),
(191,'XFC',1,'ADMINISTRATOR'),
(191,'XFC',2,'ACCOUNTANT'),
(191,'XFC',3,'ADMIN_USER'),
(191,'XFC',4,'USER'),
(191,'XFC',5,'ROLE_CHANGE_PASSWORD'),
(191,'XFC',6,'EXCHANGE'),
(191,'XFC',7,'VIP_USER'),
(191,'XFC',8,'TRADER'),
(191,'XFC',9,'FIN_OPERATOR'),
(191,'XFC',10,'BOT_TRADER'),
(191,'XFC',11,'ICO_MARKET_MAKER'),
(191,'XFC',12,'OUTER_MARKET_BOT'),
(192,'CRYP',1,'ADMINISTRATOR'),
(192,'CRYP',2,'ACCOUNTANT'),
(192,'CRYP',3,'ADMIN_USER'),
(192,'CRYP',4,'USER'),
(192,'CRYP',5,'ROLE_CHANGE_PASSWORD'),
(192,'CRYP',6,'EXCHANGE'),
(192,'CRYP',7,'VIP_USER'),
(192,'CRYP',8,'TRADER'),
(192,'CRYP',9,'FIN_OPERATOR'),
(192,'CRYP',10,'BOT_TRADER'),
(192,'CRYP',11,'ICO_MARKET_MAKER'),
(192,'CRYP',12,'OUTER_MARKET_BOT'),
(193,'DDX',1,'ADMINISTRATOR'),
(193,'DDX',2,'ACCOUNTANT'),
(193,'DDX',3,'ADMIN_USER'),
(193,'DDX',4,'USER'),
(193,'DDX',5,'ROLE_CHANGE_PASSWORD'),
(193,'DDX',6,'EXCHANGE'),
(193,'DDX',7,'VIP_USER'),
(193,'DDX',8,'TRADER'),
(193,'DDX',9,'FIN_OPERATOR'),
(193,'DDX',10,'BOT_TRADER'),
(193,'DDX',11,'ICO_MARKET_MAKER'),
(193,'DDX',12,'OUTER_MARKET_BOT'),
(194,'MBC',1,'ADMINISTRATOR'),
(194,'MBC',2,'ACCOUNTANT'),
(194,'MBC',3,'ADMIN_USER'),
(194,'MBC',4,'USER'),
(194,'MBC',5,'ROLE_CHANGE_PASSWORD'),
(194,'MBC',6,'EXCHANGE'),
(194,'MBC',7,'VIP_USER'),
(194,'MBC',8,'TRADER'),
(194,'MBC',9,'FIN_OPERATOR'),
(194,'MBC',10,'BOT_TRADER'),
(194,'MBC',11,'ICO_MARKET_MAKER'),
(194,'MBC',12,'OUTER_MARKET_BOT'),
(195,'APL',1,'ADMINISTRATOR'),
(195,'APL',2,'ACCOUNTANT'),
(195,'APL',3,'ADMIN_USER'),
(195,'APL',4,'USER'),
(195,'APL',5,'ROLE_CHANGE_PASSWORD'),
(195,'APL',6,'EXCHANGE'),
(195,'APL',7,'VIP_USER'),
(195,'APL',8,'TRADER'),
(195,'APL',9,'FIN_OPERATOR'),
(195,'APL',10,'BOT_TRADER'),
(195,'APL',11,'ICO_MARKET_MAKER'),
(195,'APL',12,'OUTER_MARKET_BOT'),
(196,'XAU',1,'ADMINISTRATOR'),
(196,'XAU',2,'ACCOUNTANT'),
(196,'XAU',3,'ADMIN_USER'),
(196,'XAU',4,'USER'),
(196,'XAU',5,'ROLE_CHANGE_PASSWORD'),
(196,'XAU',6,'EXCHANGE'),
(196,'XAU',7,'VIP_USER'),
(196,'XAU',8,'TRADER'),
(196,'XAU',9,'FIN_OPERATOR'),
(196,'XAU',10,'BOT_TRADER'),
(196,'XAU',11,'ICO_MARKET_MAKER'),
(196,'XAU',12,'OUTER_MARKET_BOT'),
(197,'KAZE',1,'ADMINISTRATOR'),
(197,'KAZE',2,'ACCOUNTANT'),
(197,'KAZE',3,'ADMIN_USER'),
(197,'KAZE',4,'USER'),
(197,'KAZE',5,'ROLE_CHANGE_PASSWORD'),
(197,'KAZE',6,'EXCHANGE'),
(197,'KAZE',7,'VIP_USER'),
(197,'KAZE',8,'TRADER'),
(197,'KAZE',9,'FIN_OPERATOR'),
(197,'KAZE',10,'BOT_TRADER'),
(197,'KAZE',11,'ICO_MARKET_MAKER'),
(197,'KAZE',12,'OUTER_MARKET_BOT'),
(198,'STREAM',1,'ADMINISTRATOR'),
(198,'STREAM',2,'ACCOUNTANT'),
(198,'STREAM',3,'ADMIN_USER'),
(198,'STREAM',4,'USER'),
(198,'STREAM',5,'ROLE_CHANGE_PASSWORD'),
(198,'STREAM',6,'EXCHANGE'),
(198,'STREAM',7,'VIP_USER'),
(198,'STREAM',8,'TRADER'),
(198,'STREAM',9,'FIN_OPERATOR'),
(198,'STREAM',10,'BOT_TRADER'),
(198,'STREAM',11,'ICO_MARKET_MAKER'),
(198,'STREAM',12,'OUTER_MARKET_BOT'),
(199,'TTP',1,'ADMINISTRATOR'),
(199,'TTP',2,'ACCOUNTANT'),
(199,'TTP',3,'ADMIN_USER'),
(199,'TTP',4,'USER'),
(199,'TTP',5,'ROLE_CHANGE_PASSWORD'),
(199,'TTP',6,'EXCHANGE'),
(199,'TTP',7,'VIP_USER'),
(199,'TTP',8,'TRADER'),
(199,'TTP',9,'FIN_OPERATOR'),
(199,'TTP',10,'BOT_TRADER'),
(199,'TTP',11,'ICO_MARKET_MAKER'),
(199,'TTP',12,'OUTER_MARKET_BOT'),
(200,'USDC',1,'ADMINISTRATOR'),
(200,'USDC',2,'ACCOUNTANT'),
(200,'USDC',3,'ADMIN_USER'),
(200,'USDC',4,'USER'),
(200,'USDC',5,'ROLE_CHANGE_PASSWORD'),
(200,'USDC',6,'EXCHANGE'),
(200,'USDC',7,'VIP_USER'),
(200,'USDC',8,'TRADER'),
(200,'USDC',9,'FIN_OPERATOR'),
(200,'USDC',10,'BOT_TRADER'),
(200,'USDC',11,'ICO_MARKET_MAKER'),
(200,'USDC',12,'OUTER_MARKET_BOT'),
(201,'AUNIT',1,'ADMINISTRATOR'),
(201,'AUNIT',2,'ACCOUNTANT'),
(201,'AUNIT',3,'ADMIN_USER'),
(201,'AUNIT',4,'USER'),
(201,'AUNIT',5,'ROLE_CHANGE_PASSWORD'),
(201,'AUNIT',6,'EXCHANGE'),
(201,'AUNIT',7,'VIP_USER'),
(201,'AUNIT',8,'TRADER'),
(201,'AUNIT',9,'FIN_OPERATOR'),
(201,'AUNIT',10,'BOT_TRADER'),
(201,'AUNIT',11,'ICO_MARKET_MAKER'),
(201,'AUNIT',12,'OUTER_MARKET_BOT'),
(202,'ABBC',1,'ADMINISTRATOR'),
(202,'ABBC',2,'ACCOUNTANT'),
(202,'ABBC',3,'ADMIN_USER'),
(202,'ABBC',4,'USER'),
(202,'ABBC',5,'ROLE_CHANGE_PASSWORD'),
(202,'ABBC',6,'EXCHANGE'),
(202,'ABBC',7,'VIP_USER'),
(202,'ABBC',8,'TRADER'),
(202,'ABBC',9,'FIN_OPERATOR'),
(202,'ABBC',10,'BOT_TRADER'),
(202,'ABBC',11,'ICO_MARKET_MAKER'),
(202,'ABBC',12,'OUTER_MARKET_BOT'),
(203,'CBC',1,'ADMINISTRATOR'),
(203,'CBC',2,'ACCOUNTANT'),
(203,'CBC',3,'ADMIN_USER'),
(203,'CBC',4,'USER'),
(203,'CBC',5,'ROLE_CHANGE_PASSWORD'),
(203,'CBC',6,'EXCHANGE'),
(203,'CBC',7,'VIP_USER'),
(203,'CBC',8,'TRADER'),
(203,'CBC',9,'FIN_OPERATOR'),
(203,'CBC',10,'BOT_TRADER'),
(203,'CBC',11,'ICO_MARKET_MAKER'),
(203,'CBC',12,'OUTER_MARKET_BOT'),
(204,'BCH',1,'ADMINISTRATOR'),
(204,'BCH',2,'ACCOUNTANT'),
(204,'BCH',3,'ADMIN_USER'),
(204,'BCH',4,'USER'),
(204,'BCH',5,'ROLE_CHANGE_PASSWORD'),
(204,'BCH',6,'EXCHANGE'),
(204,'BCH',7,'VIP_USER'),
(204,'BCH',8,'TRADER'),
(204,'BCH',9,'FIN_OPERATOR'),
(204,'BCH',10,'BOT_TRADER'),
(204,'BCH',11,'ICO_MARKET_MAKER'),
(204,'BCH',12,'OUTER_MARKET_BOT'),
(205,'BSV',1,'ADMINISTRATOR'),
(205,'BSV',2,'ACCOUNTANT'),
(205,'BSV',3,'ADMIN_USER'),
(205,'BSV',4,'USER'),
(205,'BSV',5,'ROLE_CHANGE_PASSWORD'),
(205,'BSV',6,'EXCHANGE'),
(205,'BSV',7,'VIP_USER'),
(205,'BSV',8,'TRADER'),
(205,'BSV',9,'FIN_OPERATOR'),
(205,'BSV',10,'BOT_TRADER'),
(205,'BSV',11,'ICO_MARKET_MAKER'),
(205,'BSV',12,'OUTER_MARKET_BOT'),
(207,'Q',1,'ADMINISTRATOR'),
(207,'Q',2,'ACCOUNTANT'),
(207,'Q',3,'ADMIN_USER'),
(207,'Q',4,'USER'),
(207,'Q',5,'ROLE_CHANGE_PASSWORD'),
(207,'Q',6,'EXCHANGE'),
(207,'Q',7,'VIP_USER'),
(207,'Q',8,'TRADER'),
(207,'Q',9,'FIN_OPERATOR'),
(207,'Q',10,'BOT_TRADER'),
(207,'Q',11,'ICO_MARKET_MAKER'),
(207,'Q',12,'OUTER_MARKET_BOT'),
(208,'VAI',1,'ADMINISTRATOR'),
(208,'VAI',2,'ACCOUNTANT'),
(208,'VAI',3,'ADMIN_USER'),
(208,'VAI',4,'USER'),
(208,'VAI',5,'ROLE_CHANGE_PASSWORD'),
(208,'VAI',6,'EXCHANGE'),
(208,'VAI',7,'VIP_USER'),
(208,'VAI',8,'TRADER'),
(208,'VAI',9,'FIN_OPERATOR'),
(208,'VAI',10,'BOT_TRADER'),
(208,'VAI',11,'ICO_MARKET_MAKER'),
(208,'VAI',12,'OUTER_MARKET_BOT'),
(209,'UNC',1,'ADMINISTRATOR'),
(209,'UNC',2,'ACCOUNTANT'),
(209,'UNC',3,'ADMIN_USER'),
(209,'UNC',4,'USER'),
(209,'UNC',5,'ROLE_CHANGE_PASSWORD'),
(209,'UNC',6,'EXCHANGE'),
(209,'UNC',7,'VIP_USER'),
(209,'UNC',8,'TRADER'),
(209,'UNC',9,'FIN_OPERATOR'),
(209,'UNC',10,'BOT_TRADER'),
(209,'UNC',11,'ICO_MARKET_MAKER'),
(209,'UNC',12,'OUTER_MARKET_BOT'),
(210,'MODL',1,'ADMINISTRATOR'),
(210,'MODL',2,'ACCOUNTANT'),
(210,'MODL',3,'ADMIN_USER'),
(210,'MODL',4,'USER'),
(210,'MODL',5,'ROLE_CHANGE_PASSWORD'),
(210,'MODL',6,'EXCHANGE'),
(210,'MODL',7,'VIP_USER'),
(210,'MODL',8,'TRADER'),
(210,'MODL',9,'FIN_OPERATOR'),
(210,'MODL',10,'BOT_TRADER'),
(210,'MODL',11,'ICO_MARKET_MAKER'),
(210,'MODL',12,'OUTER_MARKET_BOT'),
(212,'DIME',1,'ADMINISTRATOR'),
(212,'DIME',2,'ACCOUNTANT'),
(212,'DIME',3,'ADMIN_USER'),
(212,'DIME',4,'USER'),
(212,'DIME',5,'ROLE_CHANGE_PASSWORD'),
(212,'DIME',6,'EXCHANGE'),
(212,'DIME',7,'VIP_USER'),
(212,'DIME',8,'TRADER'),
(212,'DIME',9,'FIN_OPERATOR'),
(212,'DIME',10,'BOT_TRADER'),
(212,'DIME',11,'ICO_MARKET_MAKER'),
(212,'DIME',12,'OUTER_MARKET_BOT'),
(213,'MGX',1,'ADMINISTRATOR'),
(213,'MGX',2,'ACCOUNTANT'),
(213,'MGX',3,'ADMIN_USER'),
(213,'MGX',4,'USER'),
(213,'MGX',5,'ROLE_CHANGE_PASSWORD'),
(213,'MGX',6,'EXCHANGE'),
(213,'MGX',7,'VIP_USER'),
(213,'MGX',8,'TRADER'),
(213,'MGX',9,'FIN_OPERATOR'),
(213,'MGX',10,'BOT_TRADER'),
(213,'MGX',11,'ICO_MARKET_MAKER'),
(213,'MGX',12,'OUTER_MARKET_BOT'),
(214,'MNC',1,'ADMINISTRATOR'),
(214,'MNC',2,'ACCOUNTANT'),
(214,'MNC',3,'ADMIN_USER'),
(214,'MNC',4,'USER'),
(214,'MNC',5,'ROLE_CHANGE_PASSWORD'),
(214,'MNC',6,'EXCHANGE'),
(214,'MNC',7,'VIP_USER'),
(214,'MNC',8,'TRADER'),
(214,'MNC',9,'FIN_OPERATOR'),
(214,'MNC',10,'BOT_TRADER'),
(214,'MNC',11,'ICO_MARKET_MAKER'),
(214,'MNC',12,'OUTER_MARKET_BOT'),
(215,'S4F',1,'ADMINISTRATOR'),
(215,'S4F',2,'ACCOUNTANT'),
(215,'S4F',3,'ADMIN_USER'),
(215,'S4F',4,'USER'),
(215,'S4F',5,'ROLE_CHANGE_PASSWORD'),
(215,'S4F',6,'EXCHANGE'),
(215,'S4F',7,'VIP_USER'),
(215,'S4F',8,'TRADER'),
(215,'S4F',9,'FIN_OPERATOR'),
(215,'S4F',10,'BOT_TRADER'),
(215,'S4F',11,'ICO_MARKET_MAKER'),
(215,'S4F',12,'OUTER_MARKET_BOT'),
(216,'ECTE',1,'ADMINISTRATOR'),
(216,'ECTE',2,'ACCOUNTANT'),
(216,'ECTE',3,'ADMIN_USER'),
(216,'ECTE',4,'USER'),
(216,'ECTE',5,'ROLE_CHANGE_PASSWORD'),
(216,'ECTE',6,'EXCHANGE'),
(216,'ECTE',7,'VIP_USER'),
(216,'ECTE',8,'TRADER'),
(216,'ECTE',9,'FIN_OPERATOR'),
(216,'ECTE',10,'BOT_TRADER'),
(216,'ECTE',11,'ICO_MARKET_MAKER'),
(216,'ECTE',12,'OUTER_MARKET_BOT'),
(217,'CTX',1,'ADMINISTRATOR'),
(217,'CTX',2,'ACCOUNTANT'),
(217,'CTX',3,'ADMIN_USER'),
(217,'CTX',4,'USER'),
(217,'CTX',5,'ROLE_CHANGE_PASSWORD'),
(217,'CTX',6,'EXCHANGE'),
(217,'CTX',7,'VIP_USER'),
(217,'CTX',8,'TRADER'),
(217,'CTX',9,'FIN_OPERATOR'),
(217,'CTX',10,'BOT_TRADER'),
(217,'CTX',11,'ICO_MARKET_MAKER'),
(217,'CTX',12,'OUTER_MARKET_BOT'),
(218,'EDT',1,'ADMINISTRATOR'),
(218,'EDT',2,'ACCOUNTANT'),
(218,'EDT',3,'ADMIN_USER'),
(218,'EDT',4,'USER'),
(218,'EDT',5,'ROLE_CHANGE_PASSWORD'),
(218,'EDT',6,'EXCHANGE'),
(218,'EDT',7,'VIP_USER'),
(218,'EDT',8,'TRADER'),
(218,'EDT',9,'FIN_OPERATOR'),
(218,'EDT',10,'BOT_TRADER'),
(218,'EDT',11,'ICO_MARKET_MAKER'),
(218,'EDT',12,'OUTER_MARKET_BOT'),
(219,'HT',1,'ADMINISTRATOR'),
(219,'HT',2,'ACCOUNTANT'),
(219,'HT',3,'ADMIN_USER'),
(219,'HT',4,'USER'),
(219,'HT',5,'ROLE_CHANGE_PASSWORD'),
(219,'HT',6,'EXCHANGE'),
(219,'HT',7,'VIP_USER'),
(219,'HT',8,'TRADER'),
(219,'HT',9,'FIN_OPERATOR'),
(219,'HT',10,'BOT_TRADER'),
(219,'HT',11,'ICO_MARKET_MAKER'),
(219,'HT',12,'OUTER_MARKET_BOT'),
(220,'RIME',1,'ADMINISTRATOR'),
(220,'RIME',2,'ACCOUNTANT'),
(220,'RIME',3,'ADMIN_USER'),
(220,'RIME',4,'USER'),
(220,'RIME',5,'ROLE_CHANGE_PASSWORD'),
(220,'RIME',6,'EXCHANGE'),
(220,'RIME',7,'VIP_USER'),
(220,'RIME',8,'TRADER'),
(220,'RIME',9,'FIN_OPERATOR'),
(220,'RIME',10,'BOT_TRADER'),
(220,'RIME',11,'ICO_MARKET_MAKER'),
(220,'RIME',12,'OUTER_MARKET_BOT'),
(222,'TCAT',1,'ADMINISTRATOR'),
(222,'TCAT',2,'ACCOUNTANT'),
(222,'TCAT',3,'ADMIN_USER'),
(222,'TCAT',4,'USER'),
(222,'TCAT',5,'ROLE_CHANGE_PASSWORD'),
(222,'TCAT',6,'EXCHANGE'),
(222,'TCAT',7,'VIP_USER'),
(222,'TCAT',8,'TRADER'),
(222,'TCAT',9,'FIN_OPERATOR'),
(222,'TCAT',10,'BOT_TRADER'),
(222,'TCAT',11,'ICO_MARKET_MAKER'),
(222,'TCAT',12,'OUTER_MARKET_BOT'),
(223,'WaBi',1,'ADMINISTRATOR'),
(223,'WaBi',2,'ACCOUNTANT'),
(223,'WaBi',3,'ADMIN_USER'),
(223,'WaBi',4,'USER'),
(223,'WaBi',5,'ROLE_CHANGE_PASSWORD'),
(223,'WaBi',6,'EXCHANGE'),
(223,'WaBi',7,'VIP_USER'),
(223,'WaBi',8,'TRADER'),
(223,'WaBi',9,'FIN_OPERATOR'),
(223,'WaBi',10,'BOT_TRADER'),
(223,'WaBi',11,'ICO_MARKET_MAKER'),
(223,'WaBi',12,'OUTER_MARKET_BOT'),
(224,'POA',1,'ADMINISTRATOR'),
(224,'POA',2,'ACCOUNTANT'),
(224,'POA',3,'ADMIN_USER'),
(224,'POA',4,'USER'),
(224,'POA',5,'ROLE_CHANGE_PASSWORD'),
(224,'POA',6,'EXCHANGE'),
(224,'POA',7,'VIP_USER'),
(224,'POA',8,'TRADER'),
(224,'POA',9,'FIN_OPERATOR'),
(224,'POA',10,'BOT_TRADER'),
(224,'POA',11,'ICO_MARKET_MAKER'),
(224,'POA',12,'OUTER_MARKET_BOT'),
(225,'MCO',1,'ADMINISTRATOR'),
(225,'MCO',2,'ACCOUNTANT'),
(225,'MCO',3,'ADMIN_USER'),
(225,'MCO',4,'USER'),
(225,'MCO',5,'ROLE_CHANGE_PASSWORD'),
(225,'MCO',6,'EXCHANGE'),
(225,'MCO',7,'VIP_USER'),
(225,'MCO',8,'TRADER'),
(225,'MCO',9,'FIN_OPERATOR'),
(225,'MCO',10,'BOT_TRADER'),
(225,'MCO',11,'ICO_MARKET_MAKER'),
(225,'MCO',12,'OUTER_MARKET_BOT'),
(226,'ZIL',1,'ADMINISTRATOR'),
(226,'ZIL',2,'ACCOUNTANT'),
(226,'ZIL',3,'ADMIN_USER'),
(226,'ZIL',4,'USER'),
(226,'ZIL',5,'ROLE_CHANGE_PASSWORD'),
(226,'ZIL',6,'EXCHANGE'),
(226,'ZIL',7,'VIP_USER'),
(226,'ZIL',8,'TRADER'),
(226,'ZIL',9,'FIN_OPERATOR'),
(226,'ZIL',10,'BOT_TRADER'),
(226,'ZIL',11,'ICO_MARKET_MAKER'),
(226,'ZIL',12,'OUTER_MARKET_BOT'),
(227,'MANA',1,'ADMINISTRATOR'),
(227,'MANA',2,'ACCOUNTANT'),
(227,'MANA',3,'ADMIN_USER'),
(227,'MANA',4,'USER'),
(227,'MANA',5,'ROLE_CHANGE_PASSWORD'),
(227,'MANA',6,'EXCHANGE'),
(227,'MANA',7,'VIP_USER'),
(227,'MANA',8,'TRADER'),
(227,'MANA',9,'FIN_OPERATOR'),
(227,'MANA',10,'BOT_TRADER'),
(227,'MANA',11,'ICO_MARKET_MAKER'),
(227,'MANA',12,'OUTER_MARKET_BOT'),
(228,'EXO',1,'ADMINISTRATOR'),
(228,'EXO',2,'ACCOUNTANT'),
(228,'EXO',3,'ADMIN_USER'),
(228,'EXO',4,'USER'),
(228,'EXO',5,'ROLE_CHANGE_PASSWORD'),
(228,'EXO',6,'EXCHANGE'),
(228,'EXO',7,'VIP_USER'),
(228,'EXO',8,'TRADER'),
(228,'EXO',9,'FIN_OPERATOR'),
(228,'EXO',10,'BOT_TRADER'),
(228,'EXO',11,'ICO_MARKET_MAKER'),
(228,'EXO',12,'OUTER_MARKET_BOT'),
(229,'GRS',1,'ADMINISTRATOR'),
(229,'GRS',2,'ACCOUNTANT'),
(229,'GRS',3,'ADMIN_USER'),
(229,'GRS',4,'USER'),
(229,'GRS',5,'ROLE_CHANGE_PASSWORD'),
(229,'GRS',6,'EXCHANGE'),
(229,'GRS',7,'VIP_USER'),
(229,'GRS',8,'TRADER'),
(229,'GRS',9,'FIN_OPERATOR'),
(229,'GRS',10,'BOT_TRADER'),
(229,'GRS',11,'ICO_MARKET_MAKER'),
(229,'GRS',12,'OUTER_MARKET_BOT'),
(230,'KOD',1,'ADMINISTRATOR'),
(230,'KOD',2,'ACCOUNTANT'),
(230,'KOD',3,'ADMIN_USER'),
(230,'KOD',4,'USER'),
(230,'KOD',5,'ROLE_CHANGE_PASSWORD'),
(230,'KOD',6,'EXCHANGE'),
(230,'KOD',7,'VIP_USER'),
(230,'KOD',8,'TRADER'),
(230,'KOD',9,'FIN_OPERATOR'),
(230,'KOD',10,'BOT_TRADER'),
(230,'KOD',11,'ICO_MARKET_MAKER'),
(230,'KOD',12,'OUTER_MARKET_BOT'),
(231,'HCXP',1,'ADMINISTRATOR'),
(231,'HCXP',2,'ACCOUNTANT'),
(231,'HCXP',3,'ADMIN_USER'),
(231,'HCXP',4,'USER'),
(231,'HCXP',5,'ROLE_CHANGE_PASSWORD'),
(231,'HCXP',6,'EXCHANGE'),
(231,'HCXP',7,'VIP_USER'),
(231,'HCXP',8,'TRADER'),
(231,'HCXP',9,'FIN_OPERATOR'),
(231,'HCXP',10,'BOT_TRADER'),
(231,'HCXP',11,'ICO_MARKET_MAKER'),
(231,'HCXP',12,'OUTER_MARKET_BOT'),
(232,'QKC',1,'ADMINISTRATOR'),
(232,'QKC',2,'ACCOUNTANT'),
(232,'QKC',3,'ADMIN_USER'),
(232,'QKC',4,'USER'),
(232,'QKC',5,'ROLE_CHANGE_PASSWORD'),
(232,'QKC',6,'EXCHANGE'),
(232,'QKC',7,'VIP_USER'),
(232,'QKC',8,'TRADER'),
(232,'QKC',9,'FIN_OPERATOR'),
(232,'QKC',10,'BOT_TRADER'),
(232,'QKC',11,'ICO_MARKET_MAKER'),
(232,'QKC',12,'OUTER_MARKET_BOT'),
(233,'NPXS',1,'ADMINISTRATOR'),
(233,'NPXS',2,'ACCOUNTANT'),
(233,'NPXS',3,'ADMIN_USER'),
(233,'NPXS',4,'USER'),
(233,'NPXS',5,'ROLE_CHANGE_PASSWORD'),
(233,'NPXS',6,'EXCHANGE'),
(233,'NPXS',7,'VIP_USER'),
(233,'NPXS',8,'TRADER'),
(233,'NPXS',9,'FIN_OPERATOR'),
(233,'NPXS',10,'BOT_TRADER'),
(233,'NPXS',11,'ICO_MARKET_MAKER'),
(233,'NPXS',12,'OUTER_MARKET_BOT'),
(234,'HOT',1,'ADMINISTRATOR'),
(234,'HOT',2,'ACCOUNTANT'),
(234,'HOT',3,'ADMIN_USER'),
(234,'HOT',4,'USER'),
(234,'HOT',5,'ROLE_CHANGE_PASSWORD'),
(234,'HOT',6,'EXCHANGE'),
(234,'HOT',7,'VIP_USER'),
(234,'HOT',8,'TRADER'),
(234,'HOT',9,'FIN_OPERATOR'),
(234,'HOT',10,'BOT_TRADER'),
(234,'HOT',11,'ICO_MARKET_MAKER'),
(234,'HOT',12,'OUTER_MARKET_BOT'),
(235,'ZRX',1,'ADMINISTRATOR'),
(235,'ZRX',2,'ACCOUNTANT'),
(235,'ZRX',3,'ADMIN_USER'),
(235,'ZRX',4,'USER'),
(235,'ZRX',5,'ROLE_CHANGE_PASSWORD'),
(235,'ZRX',6,'EXCHANGE'),
(235,'ZRX',7,'VIP_USER'),
(235,'ZRX',8,'TRADER'),
(235,'ZRX',9,'FIN_OPERATOR'),
(235,'ZRX',10,'BOT_TRADER'),
(235,'ZRX',11,'ICO_MARKET_MAKER'),
(235,'ZRX',12,'OUTER_MARKET_BOT'),
(236,'BAT',1,'ADMINISTRATOR'),
(236,'BAT',2,'ACCOUNTANT'),
(236,'BAT',3,'ADMIN_USER'),
(236,'BAT',4,'USER'),
(236,'BAT',5,'ROLE_CHANGE_PASSWORD'),
(236,'BAT',6,'EXCHANGE'),
(236,'BAT',7,'VIP_USER'),
(236,'BAT',8,'TRADER'),
(236,'BAT',9,'FIN_OPERATOR'),
(236,'BAT',10,'BOT_TRADER'),
(236,'BAT',11,'ICO_MARKET_MAKER'),
(236,'BAT',12,'OUTER_MARKET_BOT'),
(237,'RDN',1,'ADMINISTRATOR'),
(237,'RDN',2,'ACCOUNTANT'),
(237,'RDN',3,'ADMIN_USER'),
(237,'RDN',4,'USER'),
(237,'RDN',5,'ROLE_CHANGE_PASSWORD'),
(237,'RDN',6,'EXCHANGE'),
(237,'RDN',7,'VIP_USER'),
(237,'RDN',8,'TRADER'),
(237,'RDN',9,'FIN_OPERATOR'),
(237,'RDN',10,'BOT_TRADER'),
(237,'RDN',11,'ICO_MARKET_MAKER'),
(237,'RDN',12,'OUTER_MARKET_BOT'),
(238,'DIM.EUR',1,'ADMINISTRATOR'),
(238,'DIM.EUR',2,'ACCOUNTANT'),
(238,'DIM.EUR',3,'ADMIN_USER'),
(238,'DIM.EUR',4,'USER'),
(238,'DIM.EUR',5,'ROLE_CHANGE_PASSWORD'),
(238,'DIM.EUR',6,'EXCHANGE'),
(238,'DIM.EUR',7,'VIP_USER'),
(238,'DIM.EUR',8,'TRADER'),
(238,'DIM.EUR',9,'FIN_OPERATOR'),
(238,'DIM.EUR',10,'BOT_TRADER'),
(238,'DIM.EUR',11,'ICO_MARKET_MAKER'),
(238,'DIM.EUR',12,'OUTER_MARKET_BOT'),
(239,'DIM.USD',1,'ADMINISTRATOR'),
(239,'DIM.USD',2,'ACCOUNTANT'),
(239,'DIM.USD',3,'ADMIN_USER'),
(239,'DIM.USD',4,'USER'),
(239,'DIM.USD',5,'ROLE_CHANGE_PASSWORD'),
(239,'DIM.USD',6,'EXCHANGE'),
(239,'DIM.USD',7,'VIP_USER'),
(239,'DIM.USD',8,'TRADER'),
(239,'DIM.USD',9,'FIN_OPERATOR'),
(239,'DIM.USD',10,'BOT_TRADER'),
(239,'DIM.USD',11,'ICO_MARKET_MAKER'),
(239,'DIM.USD',12,'OUTER_MARKET_BOT'),
(240,'DIGIT',1,'ADMINISTRATOR'),
(240,'DIGIT',2,'ACCOUNTANT'),
(240,'DIGIT',3,'ADMIN_USER'),
(240,'DIGIT',4,'USER'),
(240,'DIGIT',5,'ROLE_CHANGE_PASSWORD'),
(240,'DIGIT',6,'EXCHANGE'),
(240,'DIGIT',7,'VIP_USER'),
(240,'DIGIT',8,'TRADER'),
(240,'DIGIT',9,'FIN_OPERATOR'),
(240,'DIGIT',10,'BOT_TRADER'),
(240,'DIGIT',11,'ICO_MARKET_MAKER'),
(240,'DIGIT',12,'OUTER_MARKET_BOT'),
(241,'ELT',1,'ADMINISTRATOR'),
(241,'ELT',2,'ACCOUNTANT'),
(241,'ELT',3,'ADMIN_USER'),
(241,'ELT',4,'USER'),
(241,'ELT',5,'ROLE_CHANGE_PASSWORD'),
(241,'ELT',6,'EXCHANGE'),
(241,'ELT',7,'VIP_USER'),
(241,'ELT',8,'TRADER'),
(241,'ELT',9,'FIN_OPERATOR'),
(241,'ELT',10,'BOT_TRADER'),
(241,'ELT',11,'ICO_MARKET_MAKER'),
(241,'ELT',12,'OUTER_MARKET_BOT'),
(242,'HNI',1,'ADMINISTRATOR'),
(242,'HNI',2,'ACCOUNTANT'),
(242,'HNI',3,'ADMIN_USER'),
(242,'HNI',4,'USER'),
(242,'HNI',5,'ROLE_CHANGE_PASSWORD'),
(242,'HNI',6,'EXCHANGE'),
(242,'HNI',7,'VIP_USER'),
(242,'HNI',8,'TRADER'),
(242,'HNI',9,'FIN_OPERATOR'),
(242,'HNI',10,'BOT_TRADER'),
(242,'HNI',11,'ICO_MARKET_MAKER'),
(242,'HNI',12,'OUTER_MARKET_BOT'),
(243,'WOLF',1,'ADMINISTRATOR'),
(243,'WOLF',2,'ACCOUNTANT'),
(243,'WOLF',3,'ADMIN_USER'),
(243,'WOLF',4,'USER'),
(243,'WOLF',5,'ROLE_CHANGE_PASSWORD'),
(243,'WOLF',6,'EXCHANGE'),
(243,'WOLF',7,'VIP_USER'),
(243,'WOLF',8,'TRADER'),
(243,'WOLF',9,'FIN_OPERATOR'),
(243,'WOLF',10,'BOT_TRADER'),
(243,'WOLF',11,'ICO_MARKET_MAKER'),
(243,'WOLF',12,'OUTER_MARKET_BOT'),
(244,'REN',1,'ADMINISTRATOR'),
(244,'REN',2,'ACCOUNTANT'),
(244,'REN',3,'ADMIN_USER'),
(244,'REN',4,'USER'),
(244,'REN',5,'ROLE_CHANGE_PASSWORD'),
(244,'REN',6,'EXCHANGE'),
(244,'REN',7,'VIP_USER'),
(244,'REN',8,'TRADER'),
(244,'REN',9,'FIN_OPERATOR'),
(244,'REN',10,'BOT_TRADER'),
(244,'REN',11,'ICO_MARKET_MAKER'),
(244,'REN',12,'OUTER_MARKET_BOT'),
(245,'MET',1,'ADMINISTRATOR'),
(245,'MET',2,'ACCOUNTANT'),
(245,'MET',3,'ADMIN_USER'),
(245,'MET',4,'USER'),
(245,'MET',5,'ROLE_CHANGE_PASSWORD'),
(245,'MET',6,'EXCHANGE'),
(245,'MET',7,'VIP_USER'),
(245,'MET',8,'TRADER'),
(245,'MET',9,'FIN_OPERATOR'),
(245,'MET',10,'BOT_TRADER'),
(245,'MET',11,'ICO_MARKET_MAKER'),
(245,'MET',12,'OUTER_MARKET_BOT'),
(246,'USDT',1,'ADMINISTRATOR'),
(246,'USDT',2,'ACCOUNTANT'),
(246,'USDT',3,'ADMIN_USER'),
(246,'USDT',4,'USER'),
(246,'USDT',5,'ROLE_CHANGE_PASSWORD'),
(246,'USDT',6,'EXCHANGE'),
(246,'USDT',7,'VIP_USER'),
(246,'USDT',8,'TRADER'),
(246,'USDT',9,'FIN_OPERATOR'),
(246,'USDT',10,'BOT_TRADER'),
(246,'USDT',11,'ICO_MARKET_MAKER'),
(246,'USDT',12,'OUTER_MARKET_BOT'),
(247,'PLTC',1,'ADMINISTRATOR'),
(247,'PLTC',2,'ACCOUNTANT'),
(247,'PLTC',3,'ADMIN_USER'),
(247,'PLTC',4,'USER'),
(247,'PLTC',5,'ROLE_CHANGE_PASSWORD'),
(247,'PLTC',6,'EXCHANGE'),
(247,'PLTC',7,'VIP_USER'),
(247,'PLTC',8,'TRADER'),
(247,'PLTC',9,'FIN_OPERATOR'),
(247,'PLTC',10,'BOT_TRADER'),
(247,'PLTC',11,'ICO_MARKET_MAKER'),
(247,'PLTC',12,'OUTER_MARKET_BOT'),
(248,'DIVI',1,'ADMINISTRATOR'),
(248,'DIVI',2,'ACCOUNTANT'),
(248,'DIVI',3,'ADMIN_USER'),
(248,'DIVI',4,'USER'),
(248,'DIVI',5,'ROLE_CHANGE_PASSWORD'),
(248,'DIVI',6,'EXCHANGE'),
(248,'DIVI',7,'VIP_USER'),
(248,'DIVI',8,'TRADER'),
(248,'DIVI',9,'FIN_OPERATOR'),
(248,'DIVI',10,'BOT_TRADER'),
(248,'DIVI',11,'ICO_MARKET_MAKER'),
(248,'DIVI',12,'OUTER_MARKET_BOT'),
(249,'BTT',1,'ADMINISTRATOR'),
(249,'BTT',2,'ACCOUNTANT'),
(249,'BTT',3,'ADMIN_USER'),
(249,'BTT',4,'USER'),
(249,'BTT',5,'ROLE_CHANGE_PASSWORD'),
(249,'BTT',6,'EXCHANGE'),
(249,'BTT',7,'VIP_USER'),
(249,'BTT',8,'TRADER'),
(249,'BTT',9,'FIN_OPERATOR'),
(249,'BTT',10,'BOT_TRADER'),
(249,'BTT',11,'ICO_MARKET_MAKER'),
(249,'BTT',12,'OUTER_MARKET_BOT'),
(250,'PPY',1,'ADMINISTRATOR'),
(250,'PPY',2,'ACCOUNTANT'),
(250,'PPY',3,'ADMIN_USER'),
(250,'PPY',4,'USER'),
(250,'PPY',5,'ROLE_CHANGE_PASSWORD'),
(250,'PPY',6,'EXCHANGE'),
(250,'PPY',7,'VIP_USER'),
(250,'PPY',8,'TRADER'),
(250,'PPY',9,'FIN_OPERATOR'),
(250,'PPY',10,'BOT_TRADER'),
(250,'PPY',11,'ICO_MARKET_MAKER'),
(250,'PPY',12,'OUTER_MARKET_BOT'),
(251,'VRBS',1,'ADMINISTRATOR'),
(251,'VRBS',2,'ACCOUNTANT'),
(251,'VRBS',3,'ADMIN_USER'),
(251,'VRBS',4,'USER'),
(251,'VRBS',5,'ROLE_CHANGE_PASSWORD'),
(251,'VRBS',6,'EXCHANGE'),
(251,'VRBS',7,'VIP_USER'),
(251,'VRBS',8,'TRADER'),
(251,'VRBS',9,'FIN_OPERATOR'),
(251,'VRBS',10,'BOT_TRADER'),
(251,'VRBS',11,'ICO_MARKET_MAKER'),
(251,'VRBS',12,'OUTER_MARKET_BOT'),
(252,'ZUBE',1,'ADMINISTRATOR'),
(252,'ZUBE',2,'ACCOUNTANT'),
(252,'ZUBE',3,'ADMIN_USER'),
(252,'ZUBE',4,'USER'),
(252,'ZUBE',5,'ROLE_CHANGE_PASSWORD'),
(252,'ZUBE',6,'EXCHANGE'),
(252,'ZUBE',7,'VIP_USER'),
(252,'ZUBE',8,'TRADER'),
(252,'ZUBE',9,'FIN_OPERATOR'),
(252,'ZUBE',10,'BOT_TRADER'),
(252,'ZUBE',11,'ICO_MARKET_MAKER'),
(252,'ZUBE',12,'OUTER_MARKET_BOT'),
(253,'ELC',1,'ADMINISTRATOR'),
(253,'ELC',2,'ACCOUNTANT'),
(253,'ELC',3,'ADMIN_USER'),
(253,'ELC',4,'USER'),
(253,'ELC',5,'ROLE_CHANGE_PASSWORD'),
(253,'ELC',6,'EXCHANGE'),
(253,'ELC',7,'VIP_USER'),
(253,'ELC',8,'TRADER'),
(253,'ELC',9,'FIN_OPERATOR'),
(253,'ELC',10,'BOT_TRADER'),
(253,'ELC',11,'ICO_MARKET_MAKER'),
(253,'ELC',12,'OUTER_MARKET_BOT'),
(254,'CSC',1,'ADMINISTRATOR'),
(254,'CSC',2,'ACCOUNTANT'),
(254,'CSC',3,'ADMIN_USER'),
(254,'CSC',4,'USER'),
(254,'CSC',5,'ROLE_CHANGE_PASSWORD'),
(254,'CSC',6,'EXCHANGE'),
(254,'CSC',7,'VIP_USER'),
(254,'CSC',8,'TRADER'),
(254,'CSC',9,'FIN_OPERATOR'),
(254,'CSC',10,'BOT_TRADER'),
(254,'CSC',11,'ICO_MARKET_MAKER'),
(254,'CSC',12,'OUTER_MARKET_BOT'),
(255,'OWC',1,'ADMINISTRATOR'),
(255,'OWC',2,'ACCOUNTANT'),
(255,'OWC',3,'ADMIN_USER'),
(255,'OWC',4,'USER'),
(255,'OWC',5,'ROLE_CHANGE_PASSWORD'),
(255,'OWC',6,'EXCHANGE'),
(255,'OWC',7,'VIP_USER'),
(255,'OWC',8,'TRADER'),
(255,'OWC',9,'FIN_OPERATOR'),
(255,'OWC',10,'BOT_TRADER'),
(255,'OWC',11,'ICO_MARKET_MAKER'),
(255,'OWC',12,'OUTER_MARKET_BOT'),
(256,'RBC',1,'ADMINISTRATOR'),
(256,'RBC',2,'ACCOUNTANT'),
(256,'RBC',3,'ADMIN_USER'),
(256,'RBC',4,'USER'),
(256,'RBC',5,'ROLE_CHANGE_PASSWORD'),
(256,'RBC',6,'EXCHANGE'),
(256,'RBC',7,'VIP_USER'),
(256,'RBC',8,'TRADER'),
(256,'RBC',9,'FIN_OPERATOR'),
(256,'RBC',10,'BOT_TRADER'),
(256,'RBC',11,'ICO_MARKET_MAKER'),
(256,'RBC',12,'OUTER_MARKET_BOT'),
(257,'REB',1,'ADMINISTRATOR'),
(257,'REB',2,'ACCOUNTANT'),
(257,'REB',3,'ADMIN_USER'),
(257,'REB',4,'USER'),
(257,'REB',5,'ROLE_CHANGE_PASSWORD'),
(257,'REB',6,'EXCHANGE'),
(257,'REB',7,'VIP_USER'),
(257,'REB',8,'TRADER'),
(257,'REB',9,'FIN_OPERATOR'),
(257,'REB',10,'BOT_TRADER'),
(257,'REB',11,'ICO_MARKET_MAKER'),
(257,'REB',12,'OUTER_MARKET_BOT'),
(258,'TTT',1,'ADMINISTRATOR'),
(258,'TTT',2,'ACCOUNTANT'),
(258,'TTT',3,'ADMIN_USER'),
(258,'TTT',4,'USER'),
(258,'TTT',5,'ROLE_CHANGE_PASSWORD'),
(258,'TTT',6,'EXCHANGE'),
(258,'TTT',7,'VIP_USER'),
(258,'TTT',8,'TRADER'),
(258,'TTT',9,'FIN_OPERATOR'),
(258,'TTT',10,'BOT_TRADER'),
(258,'TTT',11,'ICO_MARKET_MAKER'),
(258,'TTT',12,'OUTER_MARKET_BOT'),
(259,'CREA',1,'ADMINISTRATOR'),
(259,'CREA',2,'ACCOUNTANT'),
(259,'CREA',3,'ADMIN_USER'),
(259,'CREA',4,'USER'),
(259,'CREA',5,'ROLE_CHANGE_PASSWORD'),
(259,'CREA',6,'EXCHANGE'),
(259,'CREA',7,'VIP_USER'),
(259,'CREA',8,'TRADER'),
(259,'CREA',9,'FIN_OPERATOR'),
(259,'CREA',10,'BOT_TRADER'),
(259,'CREA',11,'ICO_MARKET_MAKER'),
(259,'CREA',12,'OUTER_MARKET_BOT'),
(260,'AISI',1,'ADMINISTRATOR'),
(260,'AISI',2,'ACCOUNTANT'),
(260,'AISI',3,'ADMIN_USER'),
(260,'AISI',4,'USER'),
(260,'AISI',5,'ROLE_CHANGE_PASSWORD'),
(260,'AISI',6,'EXCHANGE'),
(260,'AISI',7,'VIP_USER'),
(260,'AISI',8,'TRADER'),
(260,'AISI',9,'FIN_OPERATOR'),
(260,'AISI',10,'BOT_TRADER'),
(260,'AISI',11,'ICO_MARKET_MAKER'),
(260,'AISI',12,'OUTER_MARKET_BOT'),
(261,'RVC',1,'ADMINISTRATOR'),
(261,'RVC',2,'ACCOUNTANT'),
(261,'RVC',3,'ADMIN_USER'),
(261,'RVC',4,'USER'),
(261,'RVC',5,'ROLE_CHANGE_PASSWORD'),
(261,'RVC',6,'EXCHANGE'),
(261,'RVC',7,'VIP_USER'),
(261,'RVC',8,'TRADER'),
(261,'RVC',9,'FIN_OPERATOR'),
(261,'RVC',10,'BOT_TRADER'),
(261,'RVC',11,'ICO_MARKET_MAKER'),
(261,'RVC',12,'OUTER_MARKET_BOT'),
(262,'BIO',1,'ADMINISTRATOR'),
(262,'BIO',2,'ACCOUNTANT'),
(262,'BIO',3,'ADMIN_USER'),
(262,'BIO',4,'USER'),
(262,'BIO',5,'ROLE_CHANGE_PASSWORD'),
(262,'BIO',6,'EXCHANGE'),
(262,'BIO',7,'VIP_USER'),
(262,'BIO',8,'TRADER'),
(262,'BIO',9,'FIN_OPERATOR'),
(262,'BIO',10,'BOT_TRADER'),
(262,'BIO',11,'ICO_MARKET_MAKER'),
(262,'BIO',12,'OUTER_MARKET_BOT'),
(264,'ETA',1,'ADMINISTRATOR'),
(264,'ETA',2,'ACCOUNTANT'),
(264,'ETA',3,'ADMIN_USER'),
(264,'ETA',4,'USER'),
(264,'ETA',5,'ROLE_CHANGE_PASSWORD'),
(264,'ETA',6,'EXCHANGE'),
(264,'ETA',7,'VIP_USER'),
(264,'ETA',8,'TRADER'),
(264,'ETA',9,'FIN_OPERATOR'),
(264,'ETA',10,'BOT_TRADER'),
(264,'ETA',11,'ICO_MARKET_MAKER'),
(264,'ETA',12,'OUTER_MARKET_BOT'),
(265,'KAT',1,'ADMINISTRATOR'),
(265,'KAT',2,'ACCOUNTANT'),
(265,'KAT',3,'ADMIN_USER'),
(265,'KAT',4,'USER'),
(265,'KAT',5,'ROLE_CHANGE_PASSWORD'),
(265,'KAT',6,'EXCHANGE'),
(265,'KAT',7,'VIP_USER'),
(265,'KAT',8,'TRADER'),
(265,'KAT',9,'FIN_OPERATOR'),
(265,'KAT',10,'BOT_TRADER'),
(265,'KAT',11,'ICO_MARKET_MAKER'),
(265,'KAT',12,'OUTER_MARKET_BOT'),
(266,'VRA',1,'ADMINISTRATOR'),
(266,'VRA',2,'ACCOUNTANT'),
(266,'VRA',3,'ADMIN_USER'),
(266,'VRA',4,'USER'),
(266,'VRA',5,'ROLE_CHANGE_PASSWORD'),
(266,'VRA',6,'EXCHANGE'),
(266,'VRA',7,'VIP_USER'),
(266,'VRA',8,'TRADER'),
(266,'VRA',9,'FIN_OPERATOR'),
(266,'VRA',10,'BOT_TRADER'),
(266,'VRA',11,'ICO_MARKET_MAKER'),
(266,'VRA',12,'OUTER_MARKET_BOT'),
(267,'BRC',1,'ADMINISTRATOR'),
(267,'BRC',2,'ACCOUNTANT'),
(267,'BRC',3,'ADMIN_USER'),
(267,'BRC',4,'USER'),
(267,'BRC',5,'ROLE_CHANGE_PASSWORD'),
(267,'BRC',6,'EXCHANGE'),
(267,'BRC',7,'VIP_USER'),
(267,'BRC',8,'TRADER'),
(267,'BRC',9,'FIN_OPERATOR'),
(267,'BRC',10,'BOT_TRADER'),
(267,'BRC',11,'ICO_MARKET_MAKER'),
(267,'BRC',12,'OUTER_MARKET_BOT'),
(268,'CRON',1,'ADMINISTRATOR'),
(268,'CRON',2,'ACCOUNTANT'),
(268,'CRON',3,'ADMIN_USER'),
(268,'CRON',4,'USER'),
(268,'CRON',5,'ROLE_CHANGE_PASSWORD'),
(268,'CRON',6,'EXCHANGE'),
(268,'CRON',7,'VIP_USER'),
(268,'CRON',8,'TRADER'),
(268,'CRON',9,'FIN_OPERATOR'),
(268,'CRON',10,'BOT_TRADER'),
(268,'CRON',11,'ICO_MARKET_MAKER'),
(268,'CRON',12,'OUTER_MARKET_BOT'),
(269,'GNY',1,'ADMINISTRATOR'),
(269,'GNY',2,'ACCOUNTANT'),
(269,'GNY',3,'ADMIN_USER'),
(269,'GNY',4,'USER'),
(269,'GNY',5,'ROLE_CHANGE_PASSWORD'),
(269,'GNY',6,'EXCHANGE'),
(269,'GNY',7,'VIP_USER'),
(269,'GNY',8,'TRADER'),
(269,'GNY',9,'FIN_OPERATOR'),
(269,'GNY',10,'BOT_TRADER'),
(269,'GNY',11,'ICO_MARKET_MAKER'),
(269,'GNY',12,'OUTER_MARKET_BOT'),
(270,'NOVA',1,'ADMINISTRATOR'),
(270,'NOVA',2,'ACCOUNTANT'),
(270,'NOVA',3,'ADMIN_USER'),
(270,'NOVA',4,'USER'),
(270,'NOVA',5,'ROLE_CHANGE_PASSWORD'),
(270,'NOVA',6,'EXCHANGE'),
(270,'NOVA',7,'VIP_USER'),
(270,'NOVA',8,'TRADER'),
(270,'NOVA',9,'FIN_OPERATOR'),
(270,'NOVA',10,'BOT_TRADER'),
(270,'NOVA',11,'ICO_MARKET_MAKER'),
(270,'NOVA',12,'OUTER_MARKET_BOT'),
(271,'DARC',1,'ADMINISTRATOR'),
(271,'DARC',2,'ACCOUNTANT'),
(271,'DARC',3,'ADMIN_USER'),
(271,'DARC',4,'USER'),
(271,'DARC',5,'ROLE_CHANGE_PASSWORD'),
(271,'DARC',6,'EXCHANGE'),
(271,'DARC',7,'VIP_USER'),
(271,'DARC',8,'TRADER'),
(271,'DARC',9,'FIN_OPERATOR'),
(271,'DARC',10,'BOT_TRADER'),
(271,'DARC',11,'ICO_MARKET_MAKER'),
(271,'DARC',12,'OUTER_MARKET_BOT'),
(272,'TSL',1,'ADMINISTRATOR'),
(272,'TSL',2,'ACCOUNTANT'),
(272,'TSL',3,'ADMIN_USER'),
(272,'TSL',4,'USER'),
(272,'TSL',5,'ROLE_CHANGE_PASSWORD'),
(272,'TSL',6,'EXCHANGE'),
(272,'TSL',7,'VIP_USER'),
(272,'TSL',8,'TRADER'),
(272,'TSL',9,'FIN_OPERATOR'),
(272,'TSL',10,'BOT_TRADER'),
(272,'TSL',11,'ICO_MARKET_MAKER'),
(272,'TSL',12,'OUTER_MARKET_BOT'),
(273,'VOLLAR',1,'ADMINISTRATOR'),
(273,'VOLLAR',2,'ACCOUNTANT'),
(273,'VOLLAR',3,'ADMIN_USER'),
(273,'VOLLAR',4,'USER'),
(273,'VOLLAR',5,'ROLE_CHANGE_PASSWORD'),
(273,'VOLLAR',6,'EXCHANGE'),
(273,'VOLLAR',7,'VIP_USER'),
(273,'VOLLAR',8,'TRADER'),
(273,'VOLLAR',9,'FIN_OPERATOR'),
(273,'VOLLAR',10,'BOT_TRADER'),
(273,'VOLLAR',11,'ICO_MARKET_MAKER'),
(273,'VOLLAR',12,'OUTER_MARKET_BOT'),
(274,'GAPI',1,'ADMINISTRATOR'),
(274,'GAPI',2,'ACCOUNTANT'),
(274,'GAPI',3,'ADMIN_USER'),
(274,'GAPI',4,'USER'),
(274,'GAPI',5,'ROLE_CHANGE_PASSWORD'),
(274,'GAPI',6,'EXCHANGE'),
(274,'GAPI',7,'VIP_USER'),
(274,'GAPI',8,'TRADER'),
(274,'GAPI',9,'FIN_OPERATOR'),
(274,'GAPI',10,'BOT_TRADER'),
(274,'GAPI',11,'ICO_MARKET_MAKER'),
(274,'GAPI',12,'OUTER_MARKET_BOT'),
(275,'FST',1,'ADMINISTRATOR'),
(275,'FST',2,'ACCOUNTANT'),
(275,'FST',3,'ADMIN_USER'),
(275,'FST',4,'USER'),
(275,'FST',5,'ROLE_CHANGE_PASSWORD'),
(275,'FST',6,'EXCHANGE'),
(275,'FST',7,'VIP_USER'),
(275,'FST',8,'TRADER'),
(275,'FST',9,'FIN_OPERATOR'),
(275,'FST',10,'BOT_TRADER'),
(275,'FST',11,'ICO_MARKET_MAKER'),
(275,'FST',12,'OUTER_MARKET_BOT'),
(276,'RVT',1,'ADMINISTRATOR'),
(276,'RVT',2,'ACCOUNTANT'),
(276,'RVT',3,'ADMIN_USER'),
(276,'RVT',4,'USER'),
(276,'RVT',5,'ROLE_CHANGE_PASSWORD'),
(276,'RVT',6,'EXCHANGE'),
(276,'RVT',7,'VIP_USER'),
(276,'RVT',8,'TRADER'),
(276,'RVT',9,'FIN_OPERATOR'),
(276,'RVT',10,'BOT_TRADER'),
(276,'RVT',11,'ICO_MARKET_MAKER'),
(276,'RVT',12,'OUTER_MARKET_BOT'),
(277,'RWDS',1,'ADMINISTRATOR'),
(277,'RWDS',2,'ACCOUNTANT'),
(277,'RWDS',3,'ADMIN_USER'),
(277,'RWDS',4,'USER'),
(277,'RWDS',5,'ROLE_CHANGE_PASSWORD'),
(277,'RWDS',6,'EXCHANGE'),
(277,'RWDS',7,'VIP_USER'),
(277,'RWDS',8,'TRADER'),
(277,'RWDS',9,'FIN_OPERATOR'),
(277,'RWDS',10,'BOT_TRADER'),
(277,'RWDS',11,'ICO_MARKET_MAKER'),
(277,'RWDS',12,'OUTER_MARKET_BOT'),
(278,'LHT',1,'ADMINISTRATOR'),
(278,'LHT',2,'ACCOUNTANT'),
(278,'LHT',3,'ADMIN_USER'),
(278,'LHT',4,'USER'),
(278,'LHT',5,'ROLE_CHANGE_PASSWORD'),
(278,'LHT',6,'EXCHANGE'),
(278,'LHT',7,'VIP_USER'),
(278,'LHT',8,'TRADER'),
(278,'LHT',9,'FIN_OPERATOR'),
(278,'LHT',10,'BOT_TRADER'),
(278,'LHT',11,'ICO_MARKET_MAKER'),
(278,'LHT',12,'OUTER_MARKET_BOT');